2026-06-17 13:56:38.998848,11_PDFsam_PVA-CMD-270-23-04-017.pdf,,FAILED: Unable to get page count. Is poppler installed and in PATH?
2026-06-17 13:56:39.005848,11_PDFsam_PVA-CMD-270-23-04-027.pdf,,FAILED: Unable to get page count. Is poppler installed and in PATH?
2026-06-17 13:56:39.011848,12_PDFsam_PVA-CMD-270-23-04-018.pdf,,FAILED: Unable to get page count. Is poppler installed and in PATH?
2026-06-17 13:56:39.012848,12_PDFsam_PVA-CMD-270-23-04-008.pdf,,FAILED: Unable to get page count. Is poppler installed and in PATH?
2026-06-17 13:56:39.021848,12_PDFsam_PVA-CMD-270-23-04-044.pdf,,FAILED: Unable to get page count. Is poppler installed and in PATH?
2026-06-17 13:56:39.027848,12_PDFsam_PVA-CMD-270-23-04-061.pdf,,FAILED: Unable to get page count. Is poppler installed and in PATH?
2026-06-17 13:56:39.035847,13_PDFsam_PVA-CMD-270-23-04-018.pdf,,FAILED: Unable to get page count. Is poppler installed and in PATH?
2026-06-17 13:56:39.036848,12_PDFsam_PVA-CMD-270-23-04-063 [B].pdf,,FAILED: Unable to get page count. Is poppler installed and in PATH?
2026-06-17 13:56:39.036848,13_PDFsam_PVA-CMD-270-23-04-053.pdf,,FAILED: Unable to get page count. Is poppler installed and in PATH?
2026-06-17 13:56:39.052850,14_PDFsam_PVA-CMD-270-23-04-035 [A].pdf,,FAILED: Unable to get page count. Is poppler installed and in PATH?
2026-06-17 13:56:39.060846,14_PDFsam_PVA-CMD-270-23-04-049.pdf,,FAILED: Unable to get page count. Is poppler installed and in PATH?
2026-06-17 13:56:39.065849,15_PDFsam_PVA-CMD-270-23-04-019.pdf,,FAILED: Unable to get page count. Is poppler installed and in PATH?
2026-06-17 13:56:39.076848,16_PDFsam_PVA-CMD-270-23-04-014.pdf,,FAILED: Unable to get page count. Is poppler installed and in PATH?
2026-06-17 13:56:39.081846,17_PDFsam_PVA-CMD-270-23-04-017.pdf,,FAILED: Unable to get page count. Is poppler installed and in PATH?
2026-06-17 13:56:39.087846,20_PDFsam_PVA-CMD-270-23-04-008.pdf,,FAILED: Unable to get page count. Is poppler installed and in PATH?
2026-06-17 13:56:39.093846,21_PDFsam_PVA-CMD-270-23-04-044.pdf,,FAILED: Unable to get page count. Is poppler installed and in PATH?
H?
2026-06-17 13:56:39.101847,22_PDFsam_PVA-CMD-270-23-04-018.pdf,,FAILED: Unable to get page count. Is poppler installed and in PATH?
2026-06-17 13:56:39.107846,22_PDFsam_PVA-CMD-270-23-04-035 [A].pdf,,FAILED: Unable to get page count. Is poppler installed and in PATH?
2026-06-17 13:56:39.112847,22_PDFsam_PVA-CMD-270-23-04-053.pdf,,FAILED: Unable to get page count. Is poppler installed and in PATH?
2026-06-17 13:56:39.120844,26_PDFsam_PVA-CMD-270-23-04-019.pdf,,FAILED: Unable to get page count. Is poppler installed and in PATH?
2026-06-17 13:56:39.127555,28_PDFsam_PVA-CMD-270-23-04-023.pdf,,FAILED: Unable to get page count. Is poppler installed and in PATH?
2026-06-17 13:56:39.133555,29_PDFsam_PVA-CMD-270-23-04-018.pdf,,FAILED: Unable to get page count. Is poppler installed and in PATH?
2026-06-17 13:56:39.134554,28_PDFsam_PVA-CMD-270-23-04-058 [A].pdf,,FAILED: Unable to get page count. Is poppler installed and in PATH?
2026-06-17 13:56:39.143554,30_PDFsam_PVA-CMD-270-23-04-018.pdf,,FAILED: Unable to get page count. Is poppler installed and in PATH?
2026-06-17 13:56:39.148555,31_PDFsam_PVA-CMD-270-23-04-035 [A].pdf,,FAILED: Unable to get page count. Is poppler installed and in PATH?
2026-06-17 13:56:39.154555,31_PDFsam_PVA-CMD-270-23-04-053.pdf,,FAILED: Unable to get page count. Is poppler installed and in PATH?
2026-06-17 13:56:39.172555,36_PDFsam_PVA-CMD-270-23-04-018.pdf,,FAILED: Unable to get page count. Is poppler installed and in PATH?
2026-06-17 13:56:39.173556,37_PDFsam_PVA-CMD-270-23-04-018.pdf,,FAILED: Unable to get page count. Is poppler installed and in PATH?
2026-06-17 13:56:39.181553,37_PDFsam_PVA-CMD-270-23-04-019.pdf,,FAILED: Unable to get page count. Is poppler installed and in PATH?
2026-06-17 13:56:39.187556,43_PDFsam_PVA-CMD-270-23-04-009.pdf,,FAILED: Unable to get page count. Is poppler installed and in PATH?
2026-06-17 13:56:39.194554,4_PDFsam_PVA-CMD-270-23-04-003.pdf,,FAILED: Unable to get page count. Is poppler installed and in PATH?
2026-06-17 13:56:39.199251,4_PDFsam_PVA-CMD-270-23-04-007.pdf,,FAILED: Unable to get page count. Is poppler installed and in PATH?
2026-06-17 13:56:39.210195,4_PDFsam_PVA-CMD-270-23-04-010.pdf,,FAILED: Unable to get page count. Is poppler installed and in PATH?
2026-06-17 13:56:39.215192,4_PDFsam_PVA-CMD-270-23-04-015.pdf,,FAILED: Unable to get page count. Is poppler installed and in PATH?
2026-06-17 13:56:39.221191,4_PDFsam_PVA-CMD-270-23-04-017.pdf,,FAILED: Unable to get page count. Is poppler installed and in PATH?
2026-06-17 13:56:39.222190,4_PDFsam_PVA-CMD-270-23-04-018.pdf,,FAILED: Unable to get page count. Is poppler installed and in PATH?
2026-06-17 13:56:39.231192,4_PDFsam_PVA-CMD-270-23-04-019.pdf,,FAILED: Unable to get page count. Is poppler installed and in PATH?
2026-06-17 13:56:39.237194,4_PDFsam_PVA-CMD-270-23-04-020.pdf,,FAILED: Unable to get page count. Is poppler installed and in PATH?
2026-06-17 13:56:39.243193,4_PDFsam_PVA-CMD-270-23-04-028.pdf,,FAILED: Unable to get page count. Is poppler installed and in PATH?
2026-06-17 13:56:39.253195,4_PDFsam_PVA-CMD-270-23-04-031.pdf,,FAILED: Unable to get page count. Is poppler installed and in PATH?
2026-06-17 13:56:39.259193,4_PDFsam_PVA-CMD-270-23-04-032.pdf,,FAILED: Unable to get page count. Is poppler installed and in PATH?
2026-06-17 13:56:39.265189,4_PDFsam_PVA-CMD-270-23-04-036.pdf,,FAILED: Unable to get page count. Is poppler installed and in PATH?
2026-06-17 13:56:39.270189,4_PDFsam_PVA-CMD-270-23-04-035 [B].pdf,,FAILED: Unable to get page count. Is poppler installed and in PATH?
2026-06-17 13:56:39.270189,4_PDFsam_PVA-CMD-270-23-04-037.pdf,,FAILED: Unable to get page count. Is poppler installed and in PATH?
2026-06-17 13:56:39.279193,4_PDFsam_PVA-CMD-270-23-04-038.pdf,,FAILED: Unable to get page count. Is poppler installed and in PATH?
2026-06-17 13:56:39.284191,4_PDFsam_PVA-CMD-270-23-04-043.pdf,,FAILED: Unable to get page count. Is poppler installed and in PATH?
2026-06-17 13:56:39.290193,4_PDFsam_PVA-CMD-270-23-04-046.pdf,,FAILED: Unable to get page count. Is poppler installed and in PATH?
2026-06-17 13:56:39.290193,4_PDFsam_PVA-CMD-270-23-04-044.pdf,,FAILED: Unable to get page count. Is poppler installed and in PATH?
2026-06-17 13:56:39.298189,4_PDFsam_PVA-CMD-270-23-04-049.pdf,,FAILED: Unable to get page count. Is poppler installed and in PATH?
2026-06-17 13:56:39.303191,4_PDFsam_PVA-CMD-270-23-04-052.pdf,,FAILED: Unable to get page count. Is poppler installed and in PATH?
2026-06-17 13:56:39.310191,4_PDFsam_PVA-CMD-270-23-04-053.pdf,,FAILED: Unable to get page count. Is poppler installed and in PATH?
2026-06-17 13:56:39.317194,4_PDFsam_PVA-CMD-270-23-04-057.pdf,,FAILED: Unable to get page count. Is poppler installed and in PATH?
2026-06-17 13:56:39.323397,4_PDFsam_PVA-CMD-270-23-04-058 [A].pdf,,FAILED: Unable to get page count. Is poppler installed and in PATH?
2026-06-17 13:56:39.329396,4_PDFsam_PVA-CMD-270-23-04-061.pdf,,FAILED: Unable to get page count. Is poppler installed and in PATH?
2026-06-17 13:56:39.331397,4_PDFsam_PVA-CMD-270-23-04-058 [B].pdf,,FAILED: Unable to get page count. Is poppler installed and in PATH?
2026-06-17 13:56:39.339398,4_PDFsam_PVA-CMD-270-23-04-063 [A].pdf,,FAILED: Unable to get page count. Is poppler installed and in PATH?
2026-06-17 13:56:39.345401,4_PDFsam_PVA-CMD-270-23-04-063 [B].pdf,,FAILED: Unable to get page count. Is poppler installed and in PATH?
2026-06-17 13:56:39.352397,4_PDFsam_PVA-CMD-270-23-04-063 [D].pdf,,FAILED: Unable to get page count. Is poppler installed and in PATH?
2026-06-17 13:56:39.362397,4_PDFsam_PVA-CMD-270-23-04-063 [E].pdf,,FAILED: Unable to get page count. Is poppler installed and in PATH?
2026-06-17 13:56:39.369396,54_PDFsam_PVA-CMD-270-23-04-035 [A].pdf,,FAILED: Unable to get page count. Is poppler installed and in PATH?
2026-06-17 13:56:39.374401,5_PDFsam_PVA-CMD-270-23-04-011.pdf,,FAILED: Unable to get page count. Is poppler installed and in PATH?
2026-06-17 13:56:39.382396,5_PDFsam_PVA-CMD-270-23-04-014.pdf,,FAILED: Unable to get page count. Is poppler installed and in PATH?
2026-06-17 13:56:39.387397,5_PDFsam_PVA-CMD-270-23-04-018.pdf,,FAILED: Unable to get page count. Is poppler installed and in PATH?
2026-06-17 13:56:39.394398,5_PDFsam_PVA-CMD-270-23-04-023.pdf,,FAILED: Unable to get page count. Is poppler installed and in PATH?
2026-06-17 13:56:39.403399,5_PDFsam_PVA-CMD-270-23-04-029.pdf,,FAILED: Unable to get page count. Is poppler installed and in PATH?
2026-06-17 13:56:39.410396,5_PDFsam_PVA-CMD-270-23-04-030.pdf,,FAILED: Unable to get page count. Is poppler installed and in PATH?
2026-06-17 13:56:39.414394,5_PDFsam_PVA-CMD-270-23-04-033.pdf,,FAILED: Unable to get page count. Is poppler installed and in PATH?
2026-06-17 13:56:39.415396,5_PDFsam_PVA-CMD-270-23-04-034.pdf,,FAILED: Unable to get page count. Is poppler installed and in PATH?
2026-06-17 13:56:39.422398,5_PDFsam_PVA-CMD-270-23-04-035 [A].pdf,,FAILED: Unable to get page count. Is poppler installed and in PATH?
2026-06-17 13:56:39.426400,5_PDFsam_PVA-CMD-270-23-04-048.pdf,,FAILED: Unable to get page count. Is poppler installed and in PATH?
2026-06-17 13:56:39.436476,5_PDFsam_PVA-CMD-270-23-04-051.pdf,,FAILED: Unable to get page count. Is poppler installed and in PATH?
2026-06-17 13:56:39.444479,5_PDFsam_PVA-CMD-270-23-04-059.pdf,,FAILED: Unable to get page count. Is poppler installed and in PATH?
2026-06-17 13:56:39.445480,5_PDFsam_PVA-CMD-270-23-04-060.pdf,,FAILED: Unable to get page count. Is poppler installed and in PATH?
2026-06-17 13:56:39.450475,6_PDFsam_PVA-CMD-270-23-04-059.pdf,,FAILED: Unable to get page count. Is poppler installed and in PATH?
2026-06-17 15:41:51,11_PDFsam_PVA-CMD-270-23-04-027.pdf,,FAILED: No text extracted from PDF (file might be empty or corrupted)
2026-06-17 15:41:51,11_PDFsam_PVA-CMD-270-23-04-017.pdf,,FAILED: No text extracted from PDF (file might be empty or corrupted)
2026-06-17 15:41:51,12_PDFsam_PVA-CMD-270-23-04-018.pdf,,FAILED: No text extracted from PDF (file might be empty or corrupted)
2026-06-17 15:41:51,12_PDFsam_PVA-CMD-270-23-04-008.pdf,,FAILED: No text extracted from PDF (file might be empty or corrupted)
2026-06-17 15:41:51,12_PDFsam_PVA-CMD-270-23-04-061.pdf,,FAILED: No text extracted from PDF (file might be empty or corrupted)
2026-06-17 15:41:51,12_PDFsam_PVA-CMD-270-23-04-044.pdf,,FAILED: No text extracted from PDF (file might be empty or corrupted)
2026-06-17 15:41:51,12_PDFsam_PVA-CMD-270-23-04-063 [B].pdf,,FAILED: No text extracted from PDF (file might be empty or corrupted)
2026-06-17 15:41:51,14_PDFsam_PVA-CMD-270-23-04-035 [A].pdf,,FAILED: No text extracted from PDF (file might be empty or corrupted)
2026-06-17 15:41:51,13_PDFsam_PVA-CMD-270-23-04-053.pdf,,FAILED: No text extracted from PDF (file might be empty or corrupted)
2026-06-17 15:41:51,15_PDFsam_PVA-CMD-270-23-04-019.pdf,,FAILED: No text extracted from PDF (file might be empty or corrupted)
2026-06-17 15:41:51,16_PDFsam_PVA-CMD-270-23-04-014.pdf,,FAILED: No text extracted from PDF (file might be empty or corrupted)
2026-06-17 15:41:51,15_PDFsam_PVA-CMD-270-23-04-027.pdf,,FAILED: No text extracted from PDF (file might be empty or corrupted)
2026-06-17 15:41:51,20_PDFsam_PVA-CMD-270-23-04-008.pdf,,FAILED: No text extracted from PDF (file might be empty or corrupted)
2026-06-17 15:41:51,17_PDFsam_PVA-CMD-270-23-04-017.pdf,,FAILED: No text extracted from PDF (file might be empty or corrupted)
2026-06-17 15:41:51,21_PDFsam_PVA-CMD-270-23-04-044.pdf,,FAILED: No text extracted from PDF (file might be empty or corrupted)
2026-06-17 15:41:51,20_PDFsam_PVA-CMD-270-23-04-058 [A].pdf,,FAILED: No text extracted from PDF (file might be empty or corrupted)
2026-06-17 15:41:51,22_PDFsam_PVA-CMD-270-23-04-018.pdf,,FAILED: No text extracted from PDF (file might be empty or corrupted)
2026-06-17 15:41:51,22_PDFsam_PVA-CMD-270-23-04-035 [A].pdf,,FAILED: No text extracted from PDF (file might be empty or corrupted)
2026-06-17 15:41:51,22_PDFsam_PVA-CMD-270-23-04-053.pdf,,FAILED: No text extracted from PDF (file might be empty or corrupted)
2026-06-17 15:41:51,23_PDFsam_PVA-CMD-270-23-04-018.pdf,,FAILED: No text extracted from PDF (file might be empty or corrupted)
2026-06-17 15:41:51,26_PDFsam_PVA-CMD-270-23-04-019.pdf,,FAILED: No text extracted from PDF (file might be empty or corrupted)
2026-06-17 15:41:51,28_PDFsam_PVA-CMD-270-23-04-023.pdf,,FAILED: No text extracted from PDF (file might be empty or corrupted)
2026-06-17 15:41:51,28_PDFsam_PVA-CMD-270-23-04-058 [A].pdf,,FAILED: No text extracted from PDF (file might be empty or corrupted)
2026-06-17 15:41:51,29_PDFsam_PVA-CMD-270-23-04-018.pdf,,FAILED: No text extracted from PDF (file might be empty or corrupted)
2026-06-17 15:41:51,30_PDFsam_PVA-CMD-270-23-04-018.pdf,,FAILED: No text extracted from PDF (file might be empty or corrupted)
2026-06-17 15:41:51,31_PDFsam_PVA-CMD-270-23-04-035 [A].pdf,,FAILED: No text extracted from PDF (file might be empty or corrupted)
2026-06-17 15:41:51,31_PDFsam_PVA-CMD-270-23-04-053.pdf,,FAILED: No text extracted from PDF (file might be empty or corrupted)
2026-06-17 15:41:51,36_PDFsam_PVA-CMD-270-23-04-018.pdf,,FAILED: No text extracted from PDF (file might be empty or corrupted)
2026-06-17 15:41:51,37_PDFsam_PVA-CMD-270-23-04-018.pdf,,FAILED: No text extracted from PDF (file might be empty or corrupted)
2026-06-17 15:41:51,37_PDFsam_PVA-CMD-270-23-04-019.pdf,,FAILED: No text extracted from PDF (file might be empty or corrupted)
2026-06-17 15:41:51,43_PDFsam_PVA-CMD-270-23-04-009.pdf,,FAILED: No text extracted from PDF (file might be empty or corrupted)
2026-06-17 15:41:51,4_PDFsam_PVA-CMD-270-23-04-003.pdf,,FAILED: No text extracted from PDF (file might be empty or corrupted)
2026-06-17 15:41:51,4_PDFsam_PVA-CMD-270-23-04-007.pdf,,FAILED: No text extracted from PDF (file might be empty or corrupted)
2026-06-17 15:41:51,4_PDFsam_PVA-CMD-270-23-04-008.pdf,,FAILED: No text extracted from PDF (file might be empty or corrupted)
2026-06-17 15:41:51,4_PDFsam_PVA-CMD-270-23-04-010.pdf,,FAILED: No text extracted from PDF (file might be empty or corrupted)
2026-06-17 15:41:51,4_PDFsam_PVA-CMD-270-23-04-015.pdf,,FAILED: No text extracted from PDF (file might be empty or corrupted)
2026-06-17 15:41:51,4_PDFsam_PVA-CMD-270-23-04-017.pdf,,FAILED: No text extracted from PDF (file might be empty or corrupted)
2026-06-17 15:41:51,4_PDFsam_PVA-CMD-270-23-04-018.pdf,,FAILED: No text extracted from PDF (file might be empty or corrupted)
2026-06-17 15:41:51,4_PDFsam_PVA-CMD-270-23-04-019.pdf,,FAILED: No text extracted from PDF (file might be empty or corrupted)
2026-06-17 15:41:51,4_PDFsam_PVA-CMD-270-23-04-020.pdf,,FAILED: No text extracted from PDF (file might be empty or corrupted)
2026-06-17 15:41:51,4_PDFsam_PVA-CMD-270-23-04-025.pdf,,FAILED: No text extracted from PDF (file might be empty or corrupted)
2026-06-17 15:41:51,4_PDFsam_PVA-CMD-270-23-04-028.pdf,,FAILED: No text extracted from PDF (file might be empty or corrupted)
2026-06-17 15:41:51,4_PDFsam_PVA-CMD-270-23-04-031.pdf,,FAILED: No text extracted from PDF (file might be empty or corrupted)
2026-06-17 15:41:51,4_PDFsam_PVA-CMD-270-23-04-032.pdf,,FAILED: No text extracted from PDF (file might be empty or corrupted)
2026-06-17 15:41:51,4_PDFsam_PVA-CMD-270-23-04-035 [B].pdf,,FAILED: No text extracted from PDF (file might be empty or corrupted)
2026-06-17 15:41:51,4_PDFsam_PVA-CMD-270-23-04-036.pdf,,FAILED: No text extracted from PDF (file might be empty or corrupted)
2026-06-17 15:41:51,4_PDFsam_PVA-CMD-270-23-04-037.pdf,,FAILED: No text extracted from PDF (file might be empty or corrupted)
2026-06-17 15:41:51,4_PDFsam_PVA-CMD-270-23-04-038.pdf,,FAILED: No text extracted from PDF (file might be empty or corrupted)
2026-06-17 15:41:51,4_PDFsam_PVA-CMD-270-23-04-043.pdf,,FAILED: No text extracted from PDF (file might be empty or corrupted)
2026-06-17 15:41:51,4_PDFsam_PVA-CMD-270-23-04-044.pdf,,FAILED: No text extracted from PDF (file might be empty or corrupted)
2026-06-17 15:41:51,4_PDFsam_PVA-CMD-270-23-04-046.pdf,,FAILED: No text extracted from PDF (file might be empty or corrupted)
2026-06-17 15:41:51,4_PDFsam_PVA-CMD-270-23-04-049.pdf,,FAILED: No text extracted from PDF (file might be empty or corrupted)
2026-06-17 15:41:51,4_PDFsam_PVA-CMD-270-23-04-052.pdf,,FAILED: No text extracted from PDF (file might be empty or corrupted)
2026-06-17 15:41:51,4_PDFsam_PVA-CMD-270-23-04-053.pdf,,FAILED: No text extracted from PDF (file might be empty or corrupted)
2026-06-17 15:41:51,4_PDFsam_PVA-CMD-270-23-04-056.pdf,,FAILED: No text extracted from PDF (file might be empty or corrupted)
2026-06-17 15:41:51,4_PDFsam_PVA-CMD-270-23-04-057.pdf,,FAILED: No text extracted from PDF (file might be empty or corrupted)
2026-06-17 15:41:51,4_PDFsam_PVA-CMD-270-23-04-058 [A].pdf,,FAILED: No text extracted from PDF (file might be empty or corrupted)
2026-06-17 15:41:51,4_PDFsam_PVA-CMD-270-23-04-058 [B].pdf,,FAILED: No text extracted from PDF (file might be empty or corrupted)
2026-06-17 15:41:51,4_PDFsam_PVA-CMD-270-23-04-061.pdf,,FAILED: No text extracted from PDF (file might be empty or corrupted)
2026-06-17 15:41:51,4_PDFsam_PVA-CMD-270-23-04-063 [A].pdf,,FAILED: No text extracted from PDF (file might be empty or corrupted)
2026-06-17 15:41:51,4_PDFsam_PVA-CMD-270-23-04-063 [B].pdf,,FAILED: No text extracted from PDF (file might be empty or corrupted)
2026-06-17 15:41:51,4_PDFsam_PVA-CMD-270-23-04-063 [C].pdf,,FAILED: No text extracted from PDF (file might be empty or corrupted)
2026-06-17 15:41:51,4_PDFsam_PVA-CMD-270-23-04-063 [D].pdf,,FAILED: No text extracted from PDF (file might be empty or corrupted)
2026-06-17 15:41:51,4_PDFsam_PVA-CMD-270-23-04-063 [E].pdf,,FAILED: No text extracted from PDF (file might be empty or corrupted)
2026-06-17 15:41:51,54_PDFsam_PVA-CMD-270-23-04-035 [A].pdf,,FAILED: No text extracted from PDF (file might be empty or corrupted)
2026-06-17 15:41:51,5_PDFsam_PVA-CMD-270-23-04-011.pdf,,FAILED: No text extracted from PDF (file might be empty or corrupted)
2026-06-17 15:41:51,5_PDFsam_PVA-CMD-270-23-04-012.pdf,,FAILED: No text extracted from PDF (file might be empty or corrupted)
2026-06-17 15:41:51,5_PDFsam_PVA-CMD-270-23-04-014.pdf,,FAILED: No text extracted from PDF (file might be empty or corrupted)
2026-06-17 15:41:51,5_PDFsam_PVA-CMD-270-23-04-018.pdf,,FAILED: No text extracted from PDF (file might be empty or corrupted)
2026-06-17 15:41:51,5_PDFsam_PVA-CMD-270-23-04-023.pdf,,FAILED: No text extracted from PDF (file might be empty or corrupted)
2026-06-17 15:41:52,5_PDFsam_PVA-CMD-270-23-04-027.pdf,,FAILED: No text extracted from PDF (file might be empty or corrupted)
2026-06-17 15:41:52,5_PDFsam_PVA-CMD-270-23-04-029.pdf,,FAILED: No text extracted from PDF (file might be empty or corrupted)
2026-06-17 15:41:52,5_PDFsam_PVA-CMD-270-23-04-030.pdf,,FAILED: No text extracted from PDF (file might be empty or corrupted)
2026-06-17 15:41:52,5_PDFsam_PVA-CMD-270-23-04-033.pdf,,FAILED: No text extracted from PDF (file might be empty or corrupted)
2026-06-17 15:41:52,5_PDFsam_PVA-CMD-270-23-04-035 [A].pdf,,FAILED: No text extracted from PDF (file might be empty or corrupted)
2026-06-17 15:41:52,5_PDFsam_PVA-CMD-270-23-04-034.pdf,,FAILED: No text extracted from PDF (file might be empty or corrupted)
2026-06-17 15:41:52,5_PDFsam_PVA-CMD-270-23-04-051.pdf,,FAILED: No text extracted from PDF (file might be empty or corrupted)
2026-06-17 15:41:52,5_PDFsam_PVA-CMD-270-23-04-048.pdf,,FAILED: No text extracted from PDF (file might be empty or corrupted)
2026-06-17 15:41:52,5_PDFsam_PVA-CMD-270-23-04-054.pdf,,FAILED: No text extracted from PDF (file might be empty or corrupted)
2026-06-17 15:41:52,5_PDFsam_PVA-CMD-270-23-04-059.pdf,,FAILED: No text extracted from PDF (file might be empty or corrupted)
2026-06-17 15:41:52,6_PDFsam_PVA-CMD-270-23-04-059.pdf,,FAILED: No text extracted from PDF (file might be empty or corrupted)
2026-06-18 09:34:29,11_PDFsam_PVA-CMD-270-23-04-017.pdf,,"FAILED: (Unimplemented) ConvertPirAttribute2RuntimeAttribute not support [pir::ArrayAttribute<pir::DoubleAttribute>]  (at ..\paddle\fluid\framework\new_executor\instruction\onednn\onednn_instruction.cc:118)
"
2026-06-18 09:34:29,11_PDFsam_PVA-CMD-270-23-04-027.pdf,,"FAILED: (Unimplemented) ConvertPirAttribute2RuntimeAttribute not support [pir::ArrayAttribute<pir::DoubleAttribute>]  (at ..\paddle\fluid\framework\new_executor\instruction\onednn\onednn_instruction.cc:118)
"
2026-06-18 09:34:30,12_PDFsam_PVA-CMD-270-23-04-008.pdf,,"FAILED: (Unimplemented) ConvertPirAttribute2RuntimeAttribute not support [pir::ArrayAttribute<pir::DoubleAttribute>]  (at ..\paddle\fluid\framework\new_executor\instruction\onednn\onednn_instruction.cc:118)
"
2026-06-18 09:34:30,12_PDFsam_PVA-CMD-270-23-04-018.pdf,,"FAILED: (Unimplemented) ConvertPirAttribute2RuntimeAttribute not support [pir::ArrayAttribute<pir::DoubleAttribute>]  (at ..\paddle\fluid\framework\new_executor\instruction\onednn\onednn_instruction.cc:118)
"
2026-06-18 09:34:31,12_PDFsam_PVA-CMD-270-23-04-044.pdf,,"FAILED: (Unimplemented) ConvertPirAttribute2RuntimeAttribute not support [pir::ArrayAttribute<pir::DoubleAttribute>]  (at ..\paddle\fluid\framework\new_executor\instruction\onednn\onednn_instruction.cc:118)
"
2026-06-18 09:34:31,12_PDFsam_PVA-CMD-270-23-04-061.pdf,,"FAILED: (Unimplemented) ConvertPirAttribute2RuntimeAttribute not support [pir::ArrayAttribute<pir::DoubleAttribute>]  (at ..\paddle\fluid\framework\new_executor\instruction\onednn\onednn_instruction.cc:118)
"
2026-06-18 09:34:32,12_PDFsam_PVA-CMD-270-23-04-063 [B].pdf,,"FAILED: (Unimplemented) ConvertPirAttribute2RuntimeAttribute not support [pir::ArrayAttribute<pir::DoubleAttribute>]  (at ..\paddle\fluid\framework\new_executor\instruction\onednn\onednn_instruction.cc:118)
"
2026-06-18 09:34:32,13_PDFsam_PVA-CMD-270-23-04-018.pdf,,"FAILED: (Unimplemented) ConvertPirAttribute2RuntimeAttribute not support [pir::ArrayAttribute<pir::DoubleAttribute>]  (at ..\paddle\fluid\framework\new_executor\instruction\onednn\onednn_instruction.cc:118)
"
2026-06-18 09:34:33,13_PDFsam_PVA-CMD-270-23-04-053.pdf,,"FAILED: (Unimplemented) ConvertPirAttribute2RuntimeAttribute not support [pir::ArrayAttribute<pir::DoubleAttribute>]  (at ..\paddle\fluid\framework\new_executor\instruction\onednn\onednn_instruction.cc:118)
"
2026-06-18 09:34:33,14_PDFsam_PVA-CMD-270-23-04-035 [A].pdf,,"FAILED: (Unimplemented) ConvertPirAttribute2RuntimeAttribute not support [pir::ArrayAttribute<pir::DoubleAttribute>]  (at ..\paddle\fluid\framework\new_executor\instruction\onednn\onednn_instruction.cc:118)
"
2026-06-18 09:34:34,14_PDFsam_PVA-CMD-270-23-04-049.pdf,,"FAILED: (Unimplemented) ConvertPirAttribute2RuntimeAttribute not support [pir::ArrayAttribute<pir::DoubleAttribute>]  (at ..\paddle\fluid\framework\new_executor\instruction\onednn\onednn_instruction.cc:118)
"
2026-06-18 09:34:34,15_PDFsam_PVA-CMD-270-23-04-019.pdf,,"FAILED: (Unimplemented) ConvertPirAttribute2RuntimeAttribute not support [pir::ArrayAttribute<pir::DoubleAttribute>]  (at ..\paddle\fluid\framework\new_executor\instruction\onednn\onednn_instruction.cc:118)
"
2026-06-18 09:34:35,15_PDFsam_PVA-CMD-270-23-04-027.pdf,,"FAILED: (Unimplemented) ConvertPirAttribute2RuntimeAttribute not support [pir::ArrayAttribute<pir::DoubleAttribute>]  (at ..\paddle\fluid\framework\new_executor\instruction\onednn\onednn_instruction.cc:118)
"
2026-06-18 09:34:36,16_PDFsam_PVA-CMD-270-23-04-014.pdf,,"FAILED: (Unimplemented) ConvertPirAttribute2RuntimeAttribute not support [pir::ArrayAttribute<pir::DoubleAttribute>]  (at ..\paddle\fluid\framework\new_executor\instruction\onednn\onednn_instruction.cc:118)
"
2026-06-18 09:34:36,17_PDFsam_PVA-CMD-270-23-04-017.pdf,,"FAILED: (Unimplemented) ConvertPirAttribute2RuntimeAttribute not support [pir::ArrayAttribute<pir::DoubleAttribute>]  (at ..\paddle\fluid\framework\new_executor\instruction\onednn\onednn_instruction.cc:118)
"
2026-06-18 09:34:37,20_PDFsam_PVA-CMD-270-23-04-008.pdf,,"FAILED: (Unimplemented) ConvertPirAttribute2RuntimeAttribute not support [pir::ArrayAttribute<pir::DoubleAttribute>]  (at ..\paddle\fluid\framework\new_executor\instruction\onednn\onednn_instruction.cc:118)
"
2026-06-18 09:34:37,20_PDFsam_PVA-CMD-270-23-04-058 [A].pdf,,"FAILED: (Unimplemented) ConvertPirAttribute2RuntimeAttribute not support [pir::ArrayAttribute<pir::DoubleAttribute>]  (at ..\paddle\fluid\framework\new_executor\instruction\onednn\onednn_instruction.cc:118)
"
2026-06-18 09:34:38,21_PDFsam_PVA-CMD-270-23-04-044.pdf,,"FAILED: (Unimplemented) ConvertPirAttribute2RuntimeAttribute not support [pir::ArrayAttribute<pir::DoubleAttribute>]  (at ..\paddle\fluid\framework\new_executor\instruction\onednn\onednn_instruction.cc:118)
"
2026-06-18 09:34:38,22_PDFsam_PVA-CMD-270-23-04-018.pdf,,"FAILED: (Unimplemented) ConvertPirAttribute2RuntimeAttribute not support [pir::ArrayAttribute<pir::DoubleAttribute>]  (at ..\paddle\fluid\framework\new_executor\instruction\onednn\onednn_instruction.cc:118)
"
2026-06-18 09:34:39,22_PDFsam_PVA-CMD-270-23-04-035 [A].pdf,,"FAILED: (Unimplemented) ConvertPirAttribute2RuntimeAttribute not support [pir::ArrayAttribute<pir::DoubleAttribute>]  (at ..\paddle\fluid\framework\new_executor\instruction\onednn\onednn_instruction.cc:118)
"
2026-06-18 09:34:40,22_PDFsam_PVA-CMD-270-23-04-053.pdf,,"FAILED: (Unimplemented) ConvertPirAttribute2RuntimeAttribute not support [pir::ArrayAttribute<pir::DoubleAttribute>]  (at ..\paddle\fluid\framework\new_executor\instruction\onednn\onednn_instruction.cc:118)
"
2026-06-18 09:34:40,23_PDFsam_PVA-CMD-270-23-04-018.pdf,,"FAILED: (Unimplemented) ConvertPirAttribute2RuntimeAttribute not support [pir::ArrayAttribute<pir::DoubleAttribute>]  (at ..\paddle\fluid\framework\new_executor\instruction\onednn\onednn_instruction.cc:118)
"
2026-06-18 09:34:41,26_PDFsam_PVA-CMD-270-23-04-019.pdf,,"FAILED: (Unimplemented) ConvertPirAttribute2RuntimeAttribute not support [pir::ArrayAttribute<pir::DoubleAttribute>]  (at ..\paddle\fluid\framework\new_executor\instruction\onednn\onednn_instruction.cc:118)
"
2026-06-18 09:34:41,28_PDFsam_PVA-CMD-270-23-04-023.pdf,,"FAILED: (Unimplemented) ConvertPirAttribute2RuntimeAttribute not support [pir::ArrayAttribute<pir::DoubleAttribute>]  (at ..\paddle\fluid\framework\new_executor\instruction\onednn\onednn_instruction.cc:118)
"
2026-06-18 09:34:41,28_PDFsam_PVA-CMD-270-23-04-058 [A].pdf,,"FAILED: (Unimplemented) ConvertPirAttribute2RuntimeAttribute not support [pir::ArrayAttribute<pir::DoubleAttribute>]  (at ..\paddle\fluid\framework\new_executor\instruction\onednn\onednn_instruction.cc:118)
"
2026-06-18 09:34:42,29_PDFsam_PVA-CMD-270-23-04-018.pdf,,"FAILED: (Unimplemented) ConvertPirAttribute2RuntimeAttribute not support [pir::ArrayAttribute<pir::DoubleAttribute>]  (at ..\paddle\fluid\framework\new_executor\instruction\onednn\onednn_instruction.cc:118)
"
2026-06-18 09:34:42,30_PDFsam_PVA-CMD-270-23-04-018.pdf,,"FAILED: (Unimplemented) ConvertPirAttribute2RuntimeAttribute not support [pir::ArrayAttribute<pir::DoubleAttribute>]  (at ..\paddle\fluid\framework\new_executor\instruction\onednn\onednn_instruction.cc:118)
"
2026-06-18 09:34:43,31_PDFsam_PVA-CMD-270-23-04-035 [A].pdf,,"FAILED: (Unimplemented) ConvertPirAttribute2RuntimeAttribute not support [pir::ArrayAttribute<pir::DoubleAttribute>]  (at ..\paddle\fluid\framework\new_executor\instruction\onednn\onednn_instruction.cc:118)
"
2026-06-18 09:34:44,31_PDFsam_PVA-CMD-270-23-04-053.pdf,,"FAILED: (Unimplemented) ConvertPirAttribute2RuntimeAttribute not support [pir::ArrayAttribute<pir::DoubleAttribute>]  (at ..\paddle\fluid\framework\new_executor\instruction\onednn\onednn_instruction.cc:118)
"
2026-06-18 09:34:45,36_PDFsam_PVA-CMD-270-23-04-018.pdf,,"FAILED: (Unimplemented) ConvertPirAttribute2RuntimeAttribute not support [pir::ArrayAttribute<pir::DoubleAttribute>]  (at ..\paddle\fluid\framework\new_executor\instruction\onednn\onednn_instruction.cc:118)
"
2026-06-18 09:34:45,37_PDFsam_PVA-CMD-270-23-04-018.pdf,,"FAILED: (Unimplemented) ConvertPirAttribute2RuntimeAttribute not support [pir::ArrayAttribute<pir::DoubleAttribute>]  (at ..\paddle\fluid\framework\new_executor\instruction\onednn\onednn_instruction.cc:118)
"
2026-06-18 09:34:46,37_PDFsam_PVA-CMD-270-23-04-019.pdf,,"FAILED: (Unimplemented) ConvertPirAttribute2RuntimeAttribute not support [pir::ArrayAttribute<pir::DoubleAttribute>]  (at ..\paddle\fluid\framework\new_executor\instruction\onednn\onednn_instruction.cc:118)
"
2026-06-18 09:34:46,43_PDFsam_PVA-CMD-270-23-04-009.pdf,,"FAILED: (Unimplemented) ConvertPirAttribute2RuntimeAttribute not support [pir::ArrayAttribute<pir::DoubleAttribute>]  (at ..\paddle\fluid\framework\new_executor\instruction\onednn\onednn_instruction.cc:118)
"
2026-06-18 09:34:47,4_PDFsam_PVA-CMD-270-23-04-003.pdf,,"FAILED: (Unimplemented) ConvertPirAttribute2RuntimeAttribute not support [pir::ArrayAttribute<pir::DoubleAttribute>]  (at ..\paddle\fluid\framework\new_executor\instruction\onednn\onednn_instruction.cc:118)
"
2026-06-18 09:34:48,4_PDFsam_PVA-CMD-270-23-04-007.pdf,,"FAILED: (Unimplemented) ConvertPirAttribute2RuntimeAttribute not support [pir::ArrayAttribute<pir::DoubleAttribute>]  (at ..\paddle\fluid\framework\new_executor\instruction\onednn\onednn_instruction.cc:118)
"
2026-06-18 09:34:48,4_PDFsam_PVA-CMD-270-23-04-008.pdf,,"FAILED: (Unimplemented) ConvertPirAttribute2RuntimeAttribute not support [pir::ArrayAttribute<pir::DoubleAttribute>]  (at ..\paddle\fluid\framework\new_executor\instruction\onednn\onednn_instruction.cc:118)
"
2026-06-18 09:34:49,4_PDFsam_PVA-CMD-270-23-04-010.pdf,,"FAILED: (Unimplemented) ConvertPirAttribute2RuntimeAttribute not support [pir::ArrayAttribute<pir::DoubleAttribute>]  (at ..\paddle\fluid\framework\new_executor\instruction\onednn\onednn_instruction.cc:118)
"
2026-06-18 09:34:49,4_PDFsam_PVA-CMD-270-23-04-015.pdf,,"FAILED: (Unimplemented) ConvertPirAttribute2RuntimeAttribute not support [pir::ArrayAttribute<pir::DoubleAttribute>]  (at ..\paddle\fluid\framework\new_executor\instruction\onednn\onednn_instruction.cc:118)
"
2026-06-18 09:34:50,4_PDFsam_PVA-CMD-270-23-04-017.pdf,,"FAILED: (Unimplemented) ConvertPirAttribute2RuntimeAttribute not support [pir::ArrayAttribute<pir::DoubleAttribute>]  (at ..\paddle\fluid\framework\new_executor\instruction\onednn\onednn_instruction.cc:118)
"
2026-06-18 09:34:50,4_PDFsam_PVA-CMD-270-23-04-018.pdf,,"FAILED: (Unimplemented) ConvertPirAttribute2RuntimeAttribute not support [pir::ArrayAttribute<pir::DoubleAttribute>]  (at ..\paddle\fluid\framework\new_executor\instruction\onednn\onednn_instruction.cc:118)
"
2026-06-18 09:34:51,4_PDFsam_PVA-CMD-270-23-04-019.pdf,,"FAILED: (Unimplemented) ConvertPirAttribute2RuntimeAttribute not support [pir::ArrayAttribute<pir::DoubleAttribute>]  (at ..\paddle\fluid\framework\new_executor\instruction\onednn\onednn_instruction.cc:118)
"
2026-06-18 09:34:52,4_PDFsam_PVA-CMD-270-23-04-020.pdf,,"FAILED: (Unimplemented) ConvertPirAttribute2RuntimeAttribute not support [pir::ArrayAttribute<pir::DoubleAttribute>]  (at ..\paddle\fluid\framework\new_executor\instruction\onednn\onednn_instruction.cc:118)
"
2026-06-18 09:34:52,4_PDFsam_PVA-CMD-270-23-04-025.pdf,,"FAILED: (Unimplemented) ConvertPirAttribute2RuntimeAttribute not support [pir::ArrayAttribute<pir::DoubleAttribute>]  (at ..\paddle\fluid\framework\new_executor\instruction\onednn\onednn_instruction.cc:118)
"
2026-06-18 09:34:52,4_PDFsam_PVA-CMD-270-23-04-028.pdf,,"FAILED: (Unimplemented) ConvertPirAttribute2RuntimeAttribute not support [pir::ArrayAttribute<pir::DoubleAttribute>]  (at ..\paddle\fluid\framework\new_executor\instruction\onednn\onednn_instruction.cc:118)
"
2026-06-18 09:34:53,4_PDFsam_PVA-CMD-270-23-04-031.pdf,,"FAILED: (Unimplemented) ConvertPirAttribute2RuntimeAttribute not support [pir::ArrayAttribute<pir::DoubleAttribute>]  (at ..\paddle\fluid\framework\new_executor\instruction\onednn\onednn_instruction.cc:118)
"
2026-06-18 09:34:54,4_PDFsam_PVA-CMD-270-23-04-032.pdf,,"FAILED: (Unimplemented) ConvertPirAttribute2RuntimeAttribute not support [pir::ArrayAttribute<pir::DoubleAttribute>]  (at ..\paddle\fluid\framework\new_executor\instruction\onednn\onednn_instruction.cc:118)
"
2026-06-18 09:34:54,4_PDFsam_PVA-CMD-270-23-04-035 [B].pdf,,"FAILED: (Unimplemented) ConvertPirAttribute2RuntimeAttribute not support [pir::ArrayAttribute<pir::DoubleAttribute>]  (at ..\paddle\fluid\framework\new_executor\instruction\onednn\onednn_instruction.cc:118)
"
2026-06-18 09:34:55,4_PDFsam_PVA-CMD-270-23-04-036.pdf,,"FAILED: (Unimplemented) ConvertPirAttribute2RuntimeAttribute not support [pir::ArrayAttribute<pir::DoubleAttribute>]  (at ..\paddle\fluid\framework\new_executor\instruction\onednn\onednn_instruction.cc:118)
"
2026-06-18 09:34:55,4_PDFsam_PVA-CMD-270-23-04-037.pdf,,"FAILED: (Unimplemented) ConvertPirAttribute2RuntimeAttribute not support [pir::ArrayAttribute<pir::DoubleAttribute>]  (at ..\paddle\fluid\framework\new_executor\instruction\onednn\onednn_instruction.cc:118)
"
2026-06-18 09:34:56,4_PDFsam_PVA-CMD-270-23-04-038.pdf,,"FAILED: (Unimplemented) ConvertPirAttribute2RuntimeAttribute not support [pir::ArrayAttribute<pir::DoubleAttribute>]  (at ..\paddle\fluid\framework\new_executor\instruction\onednn\onednn_instruction.cc:118)
"
2026-06-18 09:34:56,4_PDFsam_PVA-CMD-270-23-04-043.pdf,,"FAILED: (Unimplemented) ConvertPirAttribute2RuntimeAttribute not support [pir::ArrayAttribute<pir::DoubleAttribute>]  (at ..\paddle\fluid\framework\new_executor\instruction\onednn\onednn_instruction.cc:118)
"
2026-06-18 09:34:57,4_PDFsam_PVA-CMD-270-23-04-044.pdf,,"FAILED: (Unimplemented) ConvertPirAttribute2RuntimeAttribute not support [pir::ArrayAttribute<pir::DoubleAttribute>]  (at ..\paddle\fluid\framework\new_executor\instruction\onednn\onednn_instruction.cc:118)
"
2026-06-18 09:34:57,4_PDFsam_PVA-CMD-270-23-04-046.pdf,,"FAILED: (Unimplemented) ConvertPirAttribute2RuntimeAttribute not support [pir::ArrayAttribute<pir::DoubleAttribute>]  (at ..\paddle\fluid\framework\new_executor\instruction\onednn\onednn_instruction.cc:118)
"
2026-06-18 09:34:58,4_PDFsam_PVA-CMD-270-23-04-049.pdf,,"FAILED: (Unimplemented) ConvertPirAttribute2RuntimeAttribute not support [pir::ArrayAttribute<pir::DoubleAttribute>]  (at ..\paddle\fluid\framework\new_executor\instruction\onednn\onednn_instruction.cc:118)
"
2026-06-18 09:34:58,4_PDFsam_PVA-CMD-270-23-04-052.pdf,,"FAILED: (Unimplemented) ConvertPirAttribute2RuntimeAttribute not support [pir::ArrayAttribute<pir::DoubleAttribute>]  (at ..\paddle\fluid\framework\new_executor\instruction\onednn\onednn_instruction.cc:118)
"
2026-06-18 09:34:59,4_PDFsam_PVA-CMD-270-23-04-053.pdf,,"FAILED: (Unimplemented) ConvertPirAttribute2RuntimeAttribute not support [pir::ArrayAttribute<pir::DoubleAttribute>]  (at ..\paddle\fluid\framework\new_executor\instruction\onednn\onednn_instruction.cc:118)
"
2026-06-18 09:35:00,4_PDFsam_PVA-CMD-270-23-04-056.pdf,,"FAILED: (Unimplemented) ConvertPirAttribute2RuntimeAttribute not support [pir::ArrayAttribute<pir::DoubleAttribute>]  (at ..\paddle\fluid\framework\new_executor\instruction\onednn\onednn_instruction.cc:118)
"
2026-06-18 09:35:00,4_PDFsam_PVA-CMD-270-23-04-057.pdf,,"FAILED: (Unimplemented) ConvertPirAttribute2RuntimeAttribute not support [pir::ArrayAttribute<pir::DoubleAttribute>]  (at ..\paddle\fluid\framework\new_executor\instruction\onednn\onednn_instruction.cc:118)
"
2026-06-18 09:35:01,4_PDFsam_PVA-CMD-270-23-04-058 [A].pdf,,"FAILED: (Unimplemented) ConvertPirAttribute2RuntimeAttribute not support [pir::ArrayAttribute<pir::DoubleAttribute>]  (at ..\paddle\fluid\framework\new_executor\instruction\onednn\onednn_instruction.cc:118)
"
2026-06-18 09:35:01,4_PDFsam_PVA-CMD-270-23-04-058 [B].pdf,,"FAILED: (Unimplemented) ConvertPirAttribute2RuntimeAttribute not support [pir::ArrayAttribute<pir::DoubleAttribute>]  (at ..\paddle\fluid\framework\new_executor\instruction\onednn\onednn_instruction.cc:118)
"
2026-06-18 09:35:02,4_PDFsam_PVA-CMD-270-23-04-061.pdf,,"FAILED: (Unimplemented) ConvertPirAttribute2RuntimeAttribute not support [pir::ArrayAttribute<pir::DoubleAttribute>]  (at ..\paddle\fluid\framework\new_executor\instruction\onednn\onednn_instruction.cc:118)
"
2026-06-18 09:35:02,4_PDFsam_PVA-CMD-270-23-04-063 [A].pdf,,"FAILED: (Unimplemented) ConvertPirAttribute2RuntimeAttribute not support [pir::ArrayAttribute<pir::DoubleAttribute>]  (at ..\paddle\fluid\framework\new_executor\instruction\onednn\onednn_instruction.cc:118)
"
2026-06-18 09:35:03,4_PDFsam_PVA-CMD-270-23-04-063 [B].pdf,,"FAILED: (Unimplemented) ConvertPirAttribute2RuntimeAttribute not support [pir::ArrayAttribute<pir::DoubleAttribute>]  (at ..\paddle\fluid\framework\new_executor\instruction\onednn\onednn_instruction.cc:118)
"
2026-06-18 09:35:03,4_PDFsam_PVA-CMD-270-23-04-063 [C].pdf,,"FAILED: (Unimplemented) ConvertPirAttribute2RuntimeAttribute not support [pir::ArrayAttribute<pir::DoubleAttribute>]  (at ..\paddle\fluid\framework\new_executor\instruction\onednn\onednn_instruction.cc:118)
"
2026-06-18 09:35:04,4_PDFsam_PVA-CMD-270-23-04-063 [D].pdf,,"FAILED: (Unimplemented) ConvertPirAttribute2RuntimeAttribute not support [pir::ArrayAttribute<pir::DoubleAttribute>]  (at ..\paddle\fluid\framework\new_executor\instruction\onednn\onednn_instruction.cc:118)
"
2026-06-18 09:35:04,4_PDFsam_PVA-CMD-270-23-04-063 [E].pdf,,"FAILED: (Unimplemented) ConvertPirAttribute2RuntimeAttribute not support [pir::ArrayAttribute<pir::DoubleAttribute>]  (at ..\paddle\fluid\framework\new_executor\instruction\onednn\onednn_instruction.cc:118)
"
2026-06-18 09:35:05,54_PDFsam_PVA-CMD-270-23-04-035 [A].pdf,,"FAILED: (Unimplemented) ConvertPirAttribute2RuntimeAttribute not support [pir::ArrayAttribute<pir::DoubleAttribute>]  (at ..\paddle\fluid\framework\new_executor\instruction\onednn\onednn_instruction.cc:118)
"
2026-06-18 09:35:06,5_PDFsam_PVA-CMD-270-23-04-011.pdf,,"FAILED: (Unimplemented) ConvertPirAttribute2RuntimeAttribute not support [pir::ArrayAttribute<pir::DoubleAttribute>]  (at ..\paddle\fluid\framework\new_executor\instruction\onednn\onednn_instruction.cc:118)
"
2026-06-18 09:35:06,5_PDFsam_PVA-CMD-270-23-04-012.pdf,,"FAILED: (Unimplemented) ConvertPirAttribute2RuntimeAttribute not support [pir::ArrayAttribute<pir::DoubleAttribute>]  (at ..\paddle\fluid\framework\new_executor\instruction\onednn\onednn_instruction.cc:118)
"
2026-06-18 09:35:07,5_PDFsam_PVA-CMD-270-23-04-014.pdf,,"FAILED: (Unimplemented) ConvertPirAttribute2RuntimeAttribute not support [pir::ArrayAttribute<pir::DoubleAttribute>]  (at ..\paddle\fluid\framework\new_executor\instruction\onednn\onednn_instruction.cc:118)
"
2026-06-18 09:35:07,5_PDFsam_PVA-CMD-270-23-04-018.pdf,,"FAILED: (Unimplemented) ConvertPirAttribute2RuntimeAttribute not support [pir::ArrayAttribute<pir::DoubleAttribute>]  (at ..\paddle\fluid\framework\new_executor\instruction\onednn\onednn_instruction.cc:118)
"
2026-06-18 09:35:07,5_PDFsam_PVA-CMD-270-23-04-023.pdf,,"FAILED: (Unimplemented) ConvertPirAttribute2RuntimeAttribute not support [pir::ArrayAttribute<pir::DoubleAttribute>]  (at ..\paddle\fluid\framework\new_executor\instruction\onednn\onednn_instruction.cc:118)
"
2026-06-18 09:35:08,5_PDFsam_PVA-CMD-270-23-04-027.pdf,,"FAILED: (Unimplemented) ConvertPirAttribute2RuntimeAttribute not support [pir::ArrayAttribute<pir::DoubleAttribute>]  (at ..\paddle\fluid\framework\new_executor\instruction\onednn\onednn_instruction.cc:118)
"
2026-06-18 09:35:09,5_PDFsam_PVA-CMD-270-23-04-029.pdf,,"FAILED: (Unimplemented) ConvertPirAttribute2RuntimeAttribute not support [pir::ArrayAttribute<pir::DoubleAttribute>]  (at ..\paddle\fluid\framework\new_executor\instruction\onednn\onednn_instruction.cc:118)
"
2026-06-18 09:35:09,5_PDFsam_PVA-CMD-270-23-04-030.pdf,,"FAILED: (Unimplemented) ConvertPirAttribute2RuntimeAttribute not support [pir::ArrayAttribute<pir::DoubleAttribute>]  (at ..\paddle\fluid\framework\new_executor\instruction\onednn\onednn_instruction.cc:118)
"
2026-06-18 09:35:10,5_PDFsam_PVA-CMD-270-23-04-033.pdf,,"FAILED: (Unimplemented) ConvertPirAttribute2RuntimeAttribute not support [pir::ArrayAttribute<pir::DoubleAttribute>]  (at ..\paddle\fluid\framework\new_executor\instruction\onednn\onednn_instruction.cc:118)
"
2026-06-18 09:35:10,5_PDFsam_PVA-CMD-270-23-04-034.pdf,,"FAILED: (Unimplemented) ConvertPirAttribute2RuntimeAttribute not support [pir::ArrayAttribute<pir::DoubleAttribute>]  (at ..\paddle\fluid\framework\new_executor\instruction\onednn\onednn_instruction.cc:118)
"
2026-06-18 09:35:11,5_PDFsam_PVA-CMD-270-23-04-035 [A].pdf,,"FAILED: (Unimplemented) ConvertPirAttribute2RuntimeAttribute not support [pir::ArrayAttribute<pir::DoubleAttribute>]  (at ..\paddle\fluid\framework\new_executor\instruction\onednn\onednn_instruction.cc:118)
"
2026-06-18 09:35:11,5_PDFsam_PVA-CMD-270-23-04-048.pdf,,"FAILED: (Unimplemented) ConvertPirAttribute2RuntimeAttribute not support [pir::ArrayAttribute<pir::DoubleAttribute>]  (at ..\paddle\fluid\framework\new_executor\instruction\onednn\onednn_instruction.cc:118)
"
2026-06-18 09:35:12,5_PDFsam_PVA-CMD-270-23-04-051.pdf,,"FAILED: (Unimplemented) ConvertPirAttribute2RuntimeAttribute not support [pir::ArrayAttribute<pir::DoubleAttribute>]  (at ..\paddle\fluid\framework\new_executor\instruction\onednn\onednn_instruction.cc:118)
"
2026-06-18 09:35:12,5_PDFsam_PVA-CMD-270-23-04-054.pdf,,"FAILED: (Unimplemented) ConvertPirAttribute2RuntimeAttribute not support [pir::ArrayAttribute<pir::DoubleAttribute>]  (at ..\paddle\fluid\framework\new_executor\instruction\onednn\onednn_instruction.cc:118)
"
2026-06-18 09:35:13,5_PDFsam_PVA-CMD-270-23-04-059.pdf,,"FAILED: (Unimplemented) ConvertPirAttribute2RuntimeAttribute not support [pir::ArrayAttribute<pir::DoubleAttribute>]  (at ..\paddle\fluid\framework\new_executor\instruction\onednn\onednn_instruction.cc:118)
"
2026-06-18 09:35:13,5_PDFsam_PVA-CMD-270-23-04-060.pdf,,"FAILED: (Unimplemented) ConvertPirAttribute2RuntimeAttribute not support [pir::ArrayAttribute<pir::DoubleAttribute>]  (at ..\paddle\fluid\framework\new_executor\instruction\onednn\onednn_instruction.cc:118)
"
2026-06-18 09:35:14,6_PDFsam_PVA-CMD-270-23-04-059.pdf,,"FAILED: (Unimplemented) ConvertPirAttribute2RuntimeAttribute not support [pir::ArrayAttribute<pir::DoubleAttribute>]  (at ..\paddle\fluid\framework\new_executor\instruction\onednn\onednn_instruction.cc:118)
"
2026-06-18 09:48:29,11_PDFsam_PVA-CMD-270-23-04-017.pdf,CEMINDO_GEMILANG_TBKPT_CEMINDO_TOWER_43RD_FLOOR_JI_FAKTUR.pdf,SUCCESS
2026-06-18 09:49:01,11_PDFsam_PVA-CMD-270-23-04-027.pdf,CEMINDO_GEMILANG_TBK_RO_YP2207-0900.pdf,SUCCESS
2026-06-18 09:49:57,12_PDFsam_PVA-CMD-270-23-04-008.pdf,FINANCE_DEPT_EMAL_FINANCE_1_POLYMARKPLUS_COM_CIBIN_oice.pdf,SUCCESS
2026-06-18 09:50:37,12_PDFsam_PVA-CMD-270-23-04-018.pdf,DIKURANGI_POTONGAN_HARGA_PENJUALAN.pdf,SUCCESS
2026-06-18 09:51:14,12_PDFsam_PVA-CMD-270-23-04-044.pdf,SHIP_TO_PT_CEMINDO_GEMILANG_TBK_PT_CEMINDO_GEMILAN_Office.pdf,SUCCESS
2026-06-18 09:51:58,12_PDFsam_PVA-CMD-270-23-04-061.pdf,DEPOSIT_000_PRICE_BEFORE_VAT_21768000000_VAT_23944_INDOMOBIL.pdf,SUCCESS
2026-06-18 09:52:40,12_PDFsam_PVA-CMD-270-23-04-063 [B].pdf,NOMOR_FAKTUR_Pelanggan.pdf,SUCCESS
2026-06-18 09:53:21,13_PDFsam_PVA-CMD-270-23-04-018.pdf,KERTA_RAJASA_RAYA_A_PENJUALAN.pdf,SUCCESS
2026-06-18 09:54:05,13_PDFsam_PVA-CMD-270-23-04-053.pdf,PTCEMINDO_GEMILANG_TBK_SPP_BP_JLRAYA_PLUIT_SELA_TA_PAJAK.pdf,SUCCESS
2026-06-18 09:54:36,14_PDFsam_PVA-CMD-270-23-04-035 [A].pdf,UNKNOWN_COMPANY_oice.pdf,SUCCESS
2026-06-18 09:55:13,14_PDFsam_PVA-CMD-270-23-04-049.pdf,YTH_LAMP_01_SATU_SET_PT_CEMINDO_GEMILANG_TBK_HAL_K_Tagihan.pdf,SUCCESS
2026-06-18 09:55:47,15_PDFsam_PVA-CMD-270-23-04-019.pdf,UNKNOWN_COMPANY_IGMGNII2022.pdf,SUCCESS
2026-06-18 09:56:18,15_PDFsam_PVA-CMD-270-23-04-027.pdf,PT_CENINDQ_GENILANG_TBK_ADDRESS_JLRAYA_PLUIT_SELAT_OO2-C02211000.pdf,SUCCESS
2026-06-18 09:56:53,16_PDFsam_PVA-CMD-270-23-04-014.pdf,PT_CEMINDO_GEMILANG_TBK_JI_RAYA_PLUIT_SELATAN_BLOK_23043/LBN/III/2023.pdf,SUCCESS
2026-06-18 09:57:31,17_PDFsam_PVA-CMD-270-23-04-017.pdf,CEMINDO_GEMILANG_TBKPT_CEMINDO_TOWER_43RD_FLOOR_JI_FAKTUR.pdf,SUCCESS
2026-06-18 09:58:11,20_PDFsam_PVA-CMD-270-23-04-008.pdf,FINANCE_DEPT_EMAI_FINANCE_1_POLYMARKPLUS_COM_CIBIN_oice.pdf,SUCCESS
2026-06-18 09:59:00,20_PDFsam_PVA-CMD-270-23-04-058 [A].pdf,NAME_PT_CEMINDO_GEMILANG_TBK_JL_RAYA_PLUIT_SELATAN_AUTHORIZED.pdf,SUCCESS
2026-06-18 09:59:44,21_PDFsam_PVA-CMD-270-23-04-044.pdf,UNKNOWN_COMPANY_office.pdf,SUCCESS
2026-06-18 10:00:40,22_PDFsam_PVA-CMD-270-23-04-018.pdf,UNKNOWN_COMPANY_PENJUALAN.pdf,SUCCESS
2026-06-18 10:01:25,22_PDFsam_PVA-CMD-270-23-04-035 [A].pdf,UNKNOWN_COMPANY_oice.pdf,SUCCESS
2026-06-18 10:02:18,22_PDFsam_PVA-CMD-270-23-04-053.pdf,PT_CEMINDO_GEMILANG_TBR_SPP_BP_JLRAYA_PLUIT_SELATA_PAJAK.pdf,SUCCESS
2026-06-18 10:03:09,23_PDFsam_PVA-CMD-270-23-04-018.pdf,CEMINDO_GEMILANG_TBK_ALA_J_PENJUALAN.pdf,SUCCESS
2026-06-18 10:03:50,26_PDFsam_PVA-CMD-270-23-04-019.pdf,UNKNOWN_COMPANY_IGMGNII2022.pdf,SUCCESS
2026-06-18 10:04:07,28_PDFsam_PVA-CMD-270-23-04-023.pdf,YTH_CENINDO_GEMILANG_TBK_PT_CEMINDO_TOWER_LT_45_1_22050074.pdf,SUCCESS
2026-06-18 10:04:45,28_PDFsam_PVA-CMD-270-23-04-058 [A].pdf,NAME_PT_CEMINDO_GEMILANG_TBK_JL_RAYA_PLUIT_SELATAN_AUTHORIZED.pdf,SUCCESS
2026-06-18 10:05:30,29_PDFsam_PVA-CMD-270-23-04-018.pdf,UNKNOWN_COMPANY_PENJUALAN.pdf,SUCCESS
2026-06-18 10:06:03,30_PDFsam_PVA-CMD-270-23-04-018.pdf,UNKNOWN_COMPANY_PENJUALAN.pdf,SUCCESS
2026-06-18 10:06:39,31_PDFsam_PVA-CMD-270-23-04-035 [A].pdf,JAYA_KHARISMA_TUNGGAL_FOR_KILN_STOP_PERIODE_oice.pdf,SUCCESS
2026-06-18 10:07:25,31_PDFsam_PVA-CMD-270-23-04-053.pdf,PT_CEMINDO_GEMILANG_TBK_SPP_BP_JLRA_YA_PLUIT_SELAT_PAJAK.pdf,SUCCESS
2026-06-18 10:08:05,36_PDFsam_PVA-CMD-270-23-04-018.pdf,UNKNOWN_COMPANY_PENJUALAN.pdf,SUCCESS
2026-06-18 10:08:47,37_PDFsam_PVA-CMD-270-23-04-018.pdf,UNKNOWN_COMPANY_PENJUALAN.pdf,SUCCESS
2026-06-18 10:09:23,37_PDFsam_PVA-CMD-270-23-04-019.pdf,GRAHA_MANUNGGAL_EMILANG_ALN_PT_IGMGNI2022.pdf,SUCCESS
2026-06-18 10:11:06,43_PDFsam_PVA-CMD-270-23-04-009.pdf,YTH_MEDAN_29_AGUSTUS_2022_PT_CEMINDO_GEMILANG_TBK_SI-OS/CEM-MDN/22-08/052.pdf,SUCCESS
2026-06-18 10:11:48,4_PDFsam_PVA-CMD-270-23-04-003.pdf,PT_CEMINDO_GEMILANG_TBK_INVOICE_NO_C12300026_INVOI_Bill.pdf,SUCCESS
2026-06-18 10:12:26,4_PDFsam_PVA-CMD-270-23-04-007.pdf,HHAMRIN_DIRECTOR_NOI_HALID_AS_RECEIPI_TIDAK_BEXLAK_InV/000z7/LTB/1/2023.pdf,SUCCESS
2026-06-18 10:13:04,4_PDFsam_PVA-CMD-270-23-04-008.pdf,FINANCE_DEPT_EMAD_FINANCE_1_POLYMARKPLUS_COM_CIBIN_oice.pdf,SUCCESS
2026-06-18 10:13:44,4_PDFsam_PVA-CMD-270-23-04-010.pdf,PONO_PO04C01221200001_CUSTOMERPODATE_26122022_JAKA_Name.pdf,SUCCESS
2026-06-18 10:14:25,4_PDFsam_PVA-CMD-270-23-04-015.pdf,PT_CEMINDO_GEMILANG_TBK_DATE_30032023_GAMA_TOWER_L_BILL.pdf,SUCCESS
2026-06-18 10:15:08,4_PDFsam_PVA-CMD-270-23-04-017.pdf,CEMINDO_GEMILANG_TBKPT_CEMINDO_TOWER_43RD_FLOOR_JI_JvicGi/2200045.pdf,SUCCESS
2026-06-18 10:15:53,4_PDFsam_PVA-CMD-270-23-04-018.pdf,UNKNOWN_COMPANY_PENJUALAN.pdf,SUCCESS
2026-06-18 10:16:30,4_PDFsam_PVA-CMD-270-23-04-019.pdf,UNKNOWN_COMPANY_IGMGNI/2022.pdf,SUCCESS
2026-06-18 10:17:19,4_PDFsam_PVA-CMD-270-23-04-020.pdf,UNKNOWN_COMPANY_DISTRIBUTION.pdf,SUCCESS
2026-06-18 10:18:00,4_PDFsam_PVA-CMD-270-23-04-025.pdf,YTH_PT_CEMINDO_GEMILANG_TBK_JL_RAYA_PLUIT_SELATAN_PENJUALAN.pdf,SUCCESS
2026-06-18 10:18:24,4_PDFsam_PVA-CMD-270-23-04-028.pdf,YTH_MO_BUKTI_BKBPJ202212091_PT_CEMINDO_GEMILANG_TB_Tanggal.pdf,SUCCESS
2026-06-18 10:19:01,4_PDFsam_PVA-CMD-270-23-04-031.pdf,12_NPWP_019514041431000_MANUFACTURING_OF_POLYPROPY_Page.pdf,SUCCESS
2026-06-18 10:19:45,4_PDFsam_PVA-CMD-270-23-04-032.pdf,UNKNOWN_COMPANY_PENJUALAN.pdf,SUCCESS
2026-06-18 10:20:34,4_PDFsam_PVA-CMD-270-23-04-035 [B].pdf,YTH_PT_CEMINDO_GEMILANG_GAMA_TOWER_43_JI_HR_RASUNA_OO9/RKG-CGI/2023.pdf,SUCCESS
2026-06-18 10:21:25,4_PDFsam_PVA-CMD-270-23-04-036.pdf,NO_TAX_ID_CUSTOMER_CO00003571_031487143041000_PHON_Confirmed.pdf,SUCCESS
2026-06-18 10:21:59,4_PDFsam_PVA-CMD-270-23-04-037.pdf,VCTORINDO_SURYA_UTAMA_SU_AKARTP_J_VSU-1034-0323-6.pdf,SUCCESS
2026-06-18 10:22:34,4_PDFsam_PVA-CMD-270-23-04-038.pdf,PT_CEMINDO_GEMILANG_TBK_GAMA_TOWER_43RD_FLAOR_JALA_Penjualan.pdf,SUCCESS
2026-06-18 10:23:06,4_PDFsam_PVA-CMD-270-23-04-043.pdf,PT_CEMINDO_GEMILANG_TBK_WAJOK_HULU_KM_112_KABUPATE_SABAR.pdf,SUCCESS
2026-06-18 10:23:43,4_PDFsam_PVA-CMD-270-23-04-044.pdf,SAIIR_PRIMA_NIAGA_MOHAMMAD_ALL_FAJRI_DIREKTUR_SHIP_Office.pdf,SUCCESS
2026-06-18 10:24:22,4_PDFsam_PVA-CMD-270-23-04-046.pdf,12_NPWP_019514041431000_MANUFACTURING_OF_POLYPROPY_Page.pdf,SUCCESS
2026-06-18 10:25:04,4_PDFsam_PVA-CMD-270-23-04-049.pdf,YTH_LAMP_01_SATU_SET_PT_CEMINDO_GEMILANG_TBK_HAL_K_Tagihan.pdf,SUCCESS
2026-06-18 10:25:39,4_PDFsam_PVA-CMD-270-23-04-052.pdf,UNKNOWN_COMPANY_NO_INVOICE.pdf,SUCCESS
2026-06-18 10:26:05,4_PDFsam_PVA-CMD-270-23-04-053.pdf,PT_CEMINDO_GEMILANG_TBK_SPP_BP_JLRA_YA_PLUIT_SELAT_PAJAK.pdf,SUCCESS
2026-06-18 10:26:25,4_PDFsam_PVA-CMD-270-23-04-056.pdf,NAMA_PT_CEMINDO_GEMILANG_TBK_UP_BPK_SUYITNO_GAMA_T_SEWA.pdf,SUCCESS
2026-06-18 10:26:48,4_PDFsam_PVA-CMD-270-23-04-057.pdf,YTH_INVOICE_PT_CEMINDO_GEMILANG_TBK_NO_INV_RPM2022_010-007-22-85980090.pdf,SUCCESS
2026-06-18 10:27:11,4_PDFsam_PVA-CMD-270-23-04-058 [A].pdf,NAME_PT_CEMINDO_GEMILANG_TBK_JL_RAYA_PLUIT_SELATAN_AUTHORIZED.pdf,SUCCESS
2026-06-18 10:27:30,4_PDFsam_PVA-CMD-270-23-04-058 [B].pdf,UNKNOWN_COMPANY_DELINTEK/1/2023.pdf,SUCCESS
2026-06-18 10:27:52,4_PDFsam_PVA-CMD-270-23-04-061.pdf,DEPOSIT_000_PRICE_BEFORE_VAT_23640000000_VAT_26004_INDOMOBIL.pdf,SUCCESS
2026-06-18 10:28:10,4_PDFsam_PVA-CMD-270-23-04-063 [A].pdf,YLH_PT_CEMINDO_GEMILANG_TBK_JL_RAYA_PLUIT_SELATAN_PENJUALAN.pdf,SUCCESS
2026-06-18 10:28:31,4_PDFsam_PVA-CMD-270-23-04-063 [B].pdf,NOMOR_FAKTUR_Pelanggan.pdf,SUCCESS
2026-06-18 10:28:48,4_PDFsam_PVA-CMD-270-23-04-063 [C].pdf,CEMINDO_GEMILANG_TBK_JAKARTA_IN_V_ebruari.pdf,SUCCESS
2026-06-18 10:29:10,4_PDFsam_PVA-CMD-270-23-04-063 [D].pdf,KOMP_HARMONI_MAZ_BLOK_DNLO18_PT_CEMINDO_GEMILANG_T_oices.pdf,SUCCESS
2026-06-18 10:29:29,4_PDFsam_PVA-CMD-270-23-04-063 [E].pdf,WANGIJAYA_KENCANA_NO_acimile.pdf,SUCCESS
2026-06-18 10:29:50,54_PDFsam_PVA-CMD-270-23-04-035 [A].pdf,UNKNOWN_COMPANY_oice.pdf,SUCCESS
2026-06-18 10:30:14,5_PDFsam_PVA-CMD-270-23-04-011.pdf,SHIP_TO_PT_CEMINDO_GEMILANG_TBK_PT_CEMINDO_GEMILAN_dikalang.pdf,SUCCESS
2026-06-18 10:30:35,5_PDFsam_PVA-CMD-270-23-04-012.pdf,UNKNOWN_COMPANY_KOTA.pdf,SUCCESS
2026-06-18 10:30:55,5_PDFsam_PVA-CMD-270-23-04-014.pdf,PT_CEMINDO_GEMILANG_TBK_JU_PLUIT_SELATAN_BLOK_NO_8_JLPLUIT.pdf,SUCCESS
2026-06-18 10:31:19,5_PDFsam_PVA-CMD-270-23-04-018.pdf,UNKNOWN_COMPANY_PENJUALAN.pdf,SUCCESS
2026-06-18 10:31:31,5_PDFsam_PVA-CMD-270-23-04-023.pdf,YTH_CEMINDO_GEMIILANG_TBK_PT_CERINDO_TOWER_LT_45_J_22050022.pdf,SUCCESS
2026-06-18 10:31:54,5_PDFsam_PVA-CMD-270-23-04-027.pdf,WITH_THE_PRIOR_ARRANGEMENT_YP2208-1010.pdf,SUCCESS
2026-06-18 10:32:19,5_PDFsam_PVA-CMD-270-23-04-029.pdf,ANGSA_EMAS_PERDANA_FIRZA_SHGHRINA_GENERAL_MANAGER_for.pdf,SUCCESS
2026-06-18 10:32:41,5_PDFsam_PVA-CMD-270-23-04-030.pdf,NAME_PT_CEMINDO_GEMILANG_TBK_INVOICE_NO_IO1OIDUP02_Customer.pdf,SUCCESS
2026-06-18 10:33:02,5_PDFsam_PVA-CMD-270-23-04-033.pdf,ACCOUNT_BANK_BANK_BCA_KCP_CICERI_SERANG_ACCOUNT_NU_OIC.pdf,SUCCESS
2026-06-18 10:33:23,5_PDFsam_PVA-CMD-270-23-04-034.pdf,S_REF_NO_URUT_BANYAKNYA_URAIAN_HARGA_SATUAN_JUMLAH_Due.pdf,SUCCESS
2026-06-18 10:33:42,5_PDFsam_PVA-CMD-270-23-04-035 [A].pdf,UNKNOWN_COMPANY_oice.pdf,SUCCESS
2026-06-18 10:34:02,5_PDFsam_PVA-CMD-270-23-04-048.pdf,PT_CEMINDO_GEMILANG_TBK_PLUIT_SELATAN_BLOK_NO_8_J_JLPLUIT.pdf,SUCCESS
2026-06-18 10:34:25,5_PDFsam_PVA-CMD-270-23-04-051.pdf,YTH_NAMA_PT_CEMINDO_GEMILANG_TBK_ALAMAT_GAMA_TOWER_Invoice.pdf,SUCCESS
2026-06-18 10:34:48,5_PDFsam_PVA-CMD-270-23-04-054.pdf,YTH_GAMA_TOWER_LT41_UNIT_D_JL_HR_RASUNA_SAID_PT_CE_ini.pdf,SUCCESS
2026-06-18 10:35:23,5_PDFsam_PVA-CMD-270-23-04-059.pdf,CAREPELINDOMULTITERMINAL_COID_802_FWS_DC2Z0100YY_B_PAIK.pdf,SUCCESS
2026-06-18 10:35:49,5_PDFsam_PVA-CMD-270-23-04-060.pdf,BAMBANG_WAHYUDI_NET_WEIGHT_VO_NO_LS_NO_LS_DATE_FEE_Ini.pdf,SUCCESS
2026-06-18 10:37:30,6_PDFsam_PVA-CMD-270-23-04-059.pdf,PELABUHAN_INDONESIA_orma.pdf,SUCCESS
2026-06-18 10:49:53,11_PDFsam_PVA-CMD-270-23-04-017.pdf,PT_BLESSINDO_PRIMO_SORONO_OICE.pdf,SUCCESS
2026-06-18 10:50:15,11_PDFsam_PVA-CMD-270-23-04-027.pdf,PT_YUA_OICE.pdf,SUCCESS
2026-06-18 10:50:38,12_PDFsam_PVA-CMD-270-23-04-008.pdf,PT_CEMINDO_GEMILANG_TBK_oice.pdf,SUCCESS
2026-06-18 10:51:01,12_PDFsam_PVA-CMD-270-23-04-018.pdf,UNKNOWN_COMPANY_NO_INVOICE.pdf,SUCCESS
2026-06-18 10:51:22,12_PDFsam_PVA-CMD-270-23-04-044.pdf,PT_SATRA_PRIMA_OICE.pdf,SUCCESS
2026-06-18 10:51:43,12_PDFsam_PVA-CMD-270-23-04-061.pdf,PT_CEMINDO_GEMILANG_TBK_OICE.pdf,SUCCESS
2026-06-18 10:52:03,12_PDFsam_PVA-CMD-270-23-04-063 [B].pdf,UNKNOWN_COMPANY_NO_INVOICE.pdf,SUCCESS
2026-06-18 10:52:25,13_PDFsam_PVA-CMD-270-23-04-018.pdf,PT_KERTA_RAJASA_RAYA_NO_INVOICE.pdf,SUCCESS
2026-06-18 10:52:49,13_PDFsam_PVA-CMD-270-23-04-053.pdf,PT_TIRA_AUSTENITE_TBK_NO_INVOICE.pdf,SUCCESS
2026-06-18 10:53:07,14_PDFsam_PVA-CMD-270-23-04-035 [A].pdf,UNKNOWN_COMPANY_oice.pdf,SUCCESS
2026-06-18 10:53:28,14_PDFsam_PVA-CMD-270-23-04-049.pdf,PT_SEDERHANA_JAYA_UTAMA_NO_INVOICE.pdf,SUCCESS
2026-06-18 10:53:48,15_PDFsam_PVA-CMD-270-23-04-019.pdf,UNKNOWN_COMPANY_IGMGNII2022.pdf,SUCCESS
2026-06-18 10:54:05,15_PDFsam_PVA-CMD-270-23-04-027.pdf,UNKNOWN_COMPANY_NO_INVOICE.pdf,SUCCESS
2026-06-18 10:54:24,16_PDFsam_PVA-CMD-270-23-04-014.pdf,PT_LINTAS_BAHARI_NUSANTARA_OICE.pdf,SUCCESS
2026-06-18 10:54:46,17_PDFsam_PVA-CMD-270-23-04-017.pdf,PT_BLESSINDO_PRIMO_SORONG_OICE.pdf,SUCCESS
2026-06-18 10:55:08,20_PDFsam_PVA-CMD-270-23-04-008.pdf,UNKNOWN_COMPANY_oice.pdf,SUCCESS
2026-06-18 10:55:30,20_PDFsam_PVA-CMD-270-23-04-058 [A].pdf,UNKNOWN_COMPANY_OICE.pdf,SUCCESS
2026-06-18 10:55:53,21_PDFsam_PVA-CMD-270-23-04-044.pdf,PT_SATRA_PRIMA_NIAGA_OICE.pdf,SUCCESS
2026-06-18 10:56:17,22_PDFsam_PVA-CMD-270-23-04-018.pdf,UNKNOWN_COMPANY_NO_INVOICE.pdf,SUCCESS
2026-06-18 10:56:35,22_PDFsam_PVA-CMD-270-23-04-035 [A].pdf,UNKNOWN_COMPANY_oice.pdf,SUCCESS
2026-06-18 10:57:00,22_PDFsam_PVA-CMD-270-23-04-053.pdf,PT_TIRA_AUSTENITE_TBK_NO_INVOICE.pdf,SUCCESS
2026-06-18 10:57:24,23_PDFsam_PVA-CMD-270-23-04-018.pdf,PT_KERTA_RAJASA_RAYA_NO_INVOICE.pdf,SUCCESS
2026-06-18 10:57:47,26_PDFsam_PVA-CMD-270-23-04-019.pdf,UNKNOWN_COMPANY_IGMGNII2022.pdf,SUCCESS
2026-06-18 10:57:58,28_PDFsam_PVA-CMD-270-23-04-023.pdf,UNKNOWN_COMPANY_NO_INVOICE.pdf,SUCCESS
2026-06-18 10:58:19,28_PDFsam_PVA-CMD-270-23-04-058 [A].pdf,UNKNOWN_COMPANY_OICE.pdf,SUCCESS
2026-06-18 10:58:44,29_PDFsam_PVA-CMD-270-23-04-018.pdf,PT_CEMINDO_GEMILANG_TBK_NO_INVOICE.pdf,SUCCESS
2026-06-18 10:59:07,30_PDFsam_PVA-CMD-270-23-04-018.pdf,UNKNOWN_COMPANY_NO_INVOICE.pdf,SUCCESS
2026-06-18 10:59:27,31_PDFsam_PVA-CMD-270-23-04-035 [A].pdf,UNKNOWN_COMPANY_oice.pdf,SUCCESS
2026-06-18 10:59:48,31_PDFsam_PVA-CMD-270-23-04-053.pdf,PT_TIRA_AUSTENITE_TBK_NO_INVOICE.pdf,SUCCESS
2026-06-18 11:00:09,36_PDFsam_PVA-CMD-270-23-04-018.pdf,PT_CEMINDO_GEMILANG_TBK_NO_INVOICE.pdf,SUCCESS
2026-06-18 11:00:30,37_PDFsam_PVA-CMD-270-23-04-018.pdf,UNKNOWN_COMPANY_NO_INVOICE.pdf,SUCCESS
2026-06-18 11:00:49,37_PDFsam_PVA-CMD-270-23-04-019.pdf,PT_GRAHA_MANUNGGAL_GEMILANG_IGMGNI2022.pdf,SUCCESS
2026-06-18 11:01:48,43_PDFsam_PVA-CMD-270-23-04-009.pdf,PT_KARYA_oice.pdf,SUCCESS
2026-06-18 11:02:28,4_PDFsam_PVA-CMD-270-23-04-003.pdf,PT_ALUR_BIRU_MARITIM_OICE.pdf,SUCCESS
2026-06-18 11:02:52,4_PDFsam_PVA-CMD-270-23-04-007.pdf,UNKNOWN_COMPANY_OICE.pdf,SUCCESS
2026-06-18 11:03:11,4_PDFsam_PVA-CMD-270-23-04-008.pdf,UNKNOWN_COMPANY_oice.pdf,SUCCESS
2026-06-18 11:03:30,4_PDFsam_PVA-CMD-270-23-04-010.pdf,PT_CEMINDO_GEMILANG_TBK_OICE.pdf,SUCCESS
2026-06-18 11:03:46,4_PDFsam_PVA-CMD-270-23-04-015.pdf,PT_MAHAKARYA_SENTRA_ENERGI_OICE.pdf,SUCCESS
2026-06-18 11:04:06,4_PDFsam_PVA-CMD-270-23-04-017.pdf,PT_BLESSINDO_PRIMO_SORONG_OICE.pdf,SUCCESS
2026-06-18 11:04:26,4_PDFsam_PVA-CMD-270-23-04-018.pdf,UNKNOWN_COMPANY_NO_INVOICE.pdf,SUCCESS
2026-06-18 11:04:46,4_PDFsam_PVA-CMD-270-23-04-019.pdf,UNKNOWN_COMPANY_IGMGNI_2022.pdf,SUCCESS
2026-06-18 11:05:09,4_PDFsam_PVA-CMD-270-23-04-020.pdf,PT_MASTER_BUILDERS_SOLUTIONS_oice.pdf,SUCCESS
2026-06-18 11:05:29,4_PDFsam_PVA-CMD-270-23-04-025.pdf,PT_POLITAMA_PAKINDO_NO_INVOICE.pdf,SUCCESS
2026-06-18 11:05:40,4_PDFsam_PVA-CMD-270-23-04-028.pdf,PT_CEMINDO_GEMILANG_TBK_NO_INVOICE.pdf,SUCCESS
2026-06-18 11:05:58,4_PDFsam_PVA-CMD-270-23-04-031.pdf,PT_INTI_ABADI_KEMASINDO_oice.pdf,SUCCESS
2026-06-18 11:06:19,4_PDFsam_PVA-CMD-270-23-04-032.pdf,PT_CEMINDO_GEMILANG_TBK_NO_INVOICE.pdf,SUCCESS
2026-06-18 11:06:44,4_PDFsam_PVA-CMD-270-23-04-035 [B].pdf,UNKNOWN_COMPANY_OICE.pdf,SUCCESS
2026-06-18 11:07:08,4_PDFsam_PVA-CMD-270-23-04-036.pdf,PT_POLYG_oice.pdf,SUCCESS
2026-06-18 11:07:27,4_PDFsam_PVA-CMD-270-23-04-037.pdf,PT_VCTORINDO_SURYA_UTAMA_oice.pdf,SUCCESS
2026-06-18 11:07:45,4_PDFsam_PVA-CMD-270-23-04-038.pdf,PT_CEMINDO_GEMILANG_TBK_NO_INVOICE.pdf,SUCCESS
2026-06-18 11:08:00,4_PDFsam_PVA-CMD-270-23-04-043.pdf,UNKNOWN_COMPANY_OICE.pdf,SUCCESS
2026-06-18 11:08:19,4_PDFsam_PVA-CMD-270-23-04-044.pdf,PT_SATRA_PRIMA_NAGA_OICE.pdf,SUCCESS
2026-06-18 11:08:39,4_PDFsam_PVA-CMD-270-23-04-046.pdf,PT_INTI_ABADI_KEMASINDO_oice.pdf,SUCCESS
2026-06-18 11:09:02,4_PDFsam_PVA-CMD-270-23-04-049.pdf,PT_SEDERHANA_JAYA_UTAMA_NO_INVOICE.pdf,SUCCESS
2026-06-18 11:09:31,4_PDFsam_PVA-CMD-270-23-04-052.pdf,UNKNOWN_COMPANY_NO_INVOICE.pdf,SUCCESS
2026-06-18 11:09:57,4_PDFsam_PVA-CMD-270-23-04-053.pdf,PT_TIRA_AUSTENITE_TBK_NO_INVOICE.pdf,SUCCESS
2026-06-18 11:10:15,4_PDFsam_PVA-CMD-270-23-04-056.pdf,PT_CEMINDO_GEMILANG_TBK_OICE.pdf,SUCCESS
2026-06-18 11:10:35,4_PDFsam_PVA-CMD-270-23-04-057.pdf,PT_BANK_MANDIRI_PERSERO_TBK_OICE.pdf,SUCCESS
2026-06-18 11:10:56,4_PDFsam_PVA-CMD-270-23-04-058 [A].pdf,UNKNOWN_COMPANY_OICE.pdf,SUCCESS
2026-06-18 11:11:22,4_PDFsam_PVA-CMD-270-23-04-058 [B].pdf,UNKNOWN_COMPANY_DELINTEK_1_2023.pdf,SUCCESS
2026-06-18 11:11:44,4_PDFsam_PVA-CMD-270-23-04-061.pdf,PT_CEMINDO_GEMILANG_TBK_OICE.pdf,SUCCESS
2026-06-18 11:12:04,4_PDFsam_PVA-CMD-270-23-04-063 [A].pdf,PT_CENTRAL_BEARINDO_INTERNATIONAL_NO_INVOICE.pdf,SUCCESS
2026-06-18 11:12:29,4_PDFsam_PVA-CMD-270-23-04-063 [B].pdf,UNKNOWN_COMPANY_NO_INVOICE.pdf,SUCCESS
2026-06-18 11:13:33,4_PDFsam_PVA-CMD-270-23-04-063 [C].pdf,UNKNOWN_COMPANY_NO_INVOICE.pdf,SUCCESS
2026-06-18 11:13:56,4_PDFsam_PVA-CMD-270-23-04-063 [D].pdf,PT_MULTI_MITRA_INDOTAMA_oices.pdf,SUCCESS
2026-06-18 11:14:26,4_PDFsam_PVA-CMD-270-23-04-063 [E].pdf,PT_WANGIJAYA_KENCANA_NO_INVOICE.pdf,SUCCESS
2026-06-18 11:14:50,54_PDFsam_PVA-CMD-270-23-04-035 [A].pdf,UNKNOWN_COMPANY_oice.pdf,SUCCESS
2026-06-18 11:15:26,5_PDFsam_PVA-CMD-270-23-04-011.pdf,UNKNOWN_COMPANY_NO_INVOICE.pdf,SUCCESS
2026-06-18 11:15:56,5_PDFsam_PVA-CMD-270-23-04-012.pdf,UNKNOWN_COMPANY_OICE.pdf,SUCCESS
2026-06-18 11:16:22,5_PDFsam_PVA-CMD-270-23-04-014.pdf,PT_LINTAS_BAHARI_NUSANTARA_OICE.pdf,SUCCESS
2026-06-18 11:16:49,5_PDFsam_PVA-CMD-270-23-04-018.pdf,UNKNOWN_COMPANY_NO_INVOICE.pdf,SUCCESS
2026-06-18 11:17:05,5_PDFsam_PVA-CMD-270-23-04-023.pdf,UNKNOWN_COMPANY_NO_INVOICE.pdf,SUCCESS
2026-06-18 11:17:32,5_PDFsam_PVA-CMD-270-23-04-027.pdf,UNKNOWN_COMPANY_OICE.pdf,SUCCESS
2026-06-18 11:18:03,5_PDFsam_PVA-CMD-270-23-04-029.pdf,PT_ANGSA_EMAS_PERDANA_OIC.pdf,SUCCESS
2026-06-18 11:18:26,5_PDFsam_PVA-CMD-270-23-04-030.pdf,PT_CEMINDO_GEMILANG_TBK_OICE.pdf,SUCCESS
2026-06-18 11:18:50,5_PDFsam_PVA-CMD-270-23-04-033.pdf,PT_HASDASA_JAYA_SEJAHTERA_OIC.pdf,SUCCESS
2026-06-18 11:19:14,5_PDFsam_PVA-CMD-270-23-04-034.pdf,CV_CENTRAL_KURNIA_MANDIRI_OIcE.pdf,SUCCESS
2026-06-18 11:19:40,5_PDFsam_PVA-CMD-270-23-04-035 [A].pdf,UNKNOWN_COMPANY_oice.pdf,SUCCESS
2026-06-18 11:20:09,5_PDFsam_PVA-CMD-270-23-04-048.pdf,PT_LINTAS_BAHARI_NUSANTARA_OICE.pdf,SUCCESS
2026-06-18 11:20:40,5_PDFsam_PVA-CMD-270-23-04-051.pdf,PT_ALAS_JAWADWIPA_NUSANTARA_OICE.pdf,SUCCESS
2026-06-18 11:21:09,5_PDFsam_PVA-CMD-270-23-04-054.pdf,UNKNOWN_COMPANY_OICE.pdf,SUCCESS
2026-06-18 11:21:42,5_PDFsam_PVA-CMD-270-23-04-059.pdf,UNKNOWN_COMPANY_NO_INVOICE.pdf,SUCCESS
2026-06-18 11:22:04,5_PDFsam_PVA-CMD-270-23-04-060.pdf,UNKNOWN_COMPANY_OICE.pdf,SUCCESS
2026-06-18 11:22:34,6_PDFsam_PVA-CMD-270-23-04-059.pdf,UNKNOWN_COMPANY_NO_INVOICE.pdf,SUCCESS
2026-06-18 11:31:32,11_PDFsam_PVA-CMD-270-23-04-017.pdf,PT_BLESSINDO_PRIMO_SORONO_OICE.pdf,SUCCESS
2026-06-18 11:31:52,11_PDFsam_PVA-CMD-270-23-04-027.pdf,PT_YUA_OICE.pdf,SUCCESS
2026-06-18 11:32:12,12_PDFsam_PVA-CMD-270-23-04-008.pdf,PT_CEMINDO_GEMILANG_TBK_oice.pdf,SUCCESS
2026-06-18 11:32:33,12_PDFsam_PVA-CMD-270-23-04-018.pdf,UNKNOWN_COMPANY_NO_INVOICE.pdf,SUCCESS
2026-06-18 11:32:53,12_PDFsam_PVA-CMD-270-23-04-044.pdf,PT_SATRA_PRIMA_OICE.pdf,SUCCESS
2026-06-18 11:33:12,12_PDFsam_PVA-CMD-270-23-04-061.pdf,PT_CEMINDO_GEMILANG_TBK_OICE.pdf,SUCCESS
2026-06-18 11:33:31,12_PDFsam_PVA-CMD-270-23-04-063 [B].pdf,UNKNOWN_COMPANY_NO_INVOICE.pdf,SUCCESS
2026-06-18 11:33:51,13_PDFsam_PVA-CMD-270-23-04-018.pdf,PT_KERTA_RAJASA_RAYA_NO_INVOICE.pdf,SUCCESS
2026-06-18 11:34:13,13_PDFsam_PVA-CMD-270-23-04-053.pdf,PT_TIRA_AUSTENITE_TBK_NO_INVOICE.pdf,SUCCESS
2026-06-18 11:34:29,14_PDFsam_PVA-CMD-270-23-04-035 [A].pdf,UNKNOWN_COMPANY_oice.pdf,SUCCESS
2026-06-18 11:34:51,14_PDFsam_PVA-CMD-270-23-04-049.pdf,PT_SEDERHANA_JAYA_UTAMA_NO_INVOICE.pdf,SUCCESS
2026-06-18 11:35:09,15_PDFsam_PVA-CMD-270-23-04-019.pdf,UNKNOWN_COMPANY_IGMGNII2022.pdf,SUCCESS
2026-06-18 11:35:25,15_PDFsam_PVA-CMD-270-23-04-027.pdf,UNKNOWN_COMPANY_NO_INVOICE.pdf,SUCCESS
2026-06-18 11:35:43,16_PDFsam_PVA-CMD-270-23-04-014.pdf,PT_LINTAS_BAHARI_NUSANTARA_OICE.pdf,SUCCESS
2026-06-18 11:36:02,17_PDFsam_PVA-CMD-270-23-04-017.pdf,PT_BLESSINDO_PRIMO_SORONG_OICE.pdf,SUCCESS
2026-06-18 11:36:22,20_PDFsam_PVA-CMD-270-23-04-008.pdf,UNKNOWN_COMPANY_oice.pdf,SUCCESS
2026-06-18 11:36:42,20_PDFsam_PVA-CMD-270-23-04-058 [A].pdf,UNKNOWN_COMPANY_OICE.pdf,SUCCESS
2026-06-18 11:37:01,21_PDFsam_PVA-CMD-270-23-04-044.pdf,PT_SATRA_PRIMA_NIAGA_OICE.pdf,SUCCESS
2026-06-18 11:37:23,22_PDFsam_PVA-CMD-270-23-04-018.pdf,UNKNOWN_COMPANY_NO_INVOICE.pdf,SUCCESS
2026-06-18 11:37:39,22_PDFsam_PVA-CMD-270-23-04-035 [A].pdf,UNKNOWN_COMPANY_oice.pdf,SUCCESS
2026-06-18 11:38:02,22_PDFsam_PVA-CMD-270-23-04-053.pdf,PT_TIRA_AUSTENITE_TBK_NO_INVOICE.pdf,SUCCESS
2026-06-18 11:38:24,23_PDFsam_PVA-CMD-270-23-04-018.pdf,PT_KERTA_RAJASA_RAYA_NO_INVOICE.pdf,SUCCESS
2026-06-18 11:38:42,26_PDFsam_PVA-CMD-270-23-04-019.pdf,UNKNOWN_COMPANY_IGMGNII2022.pdf,SUCCESS
2026-06-18 11:38:51,28_PDFsam_PVA-CMD-270-23-04-023.pdf,UNKNOWN_COMPANY_NO_INVOICE.pdf,SUCCESS
2026-06-18 11:39:11,28_PDFsam_PVA-CMD-270-23-04-058 [A].pdf,UNKNOWN_COMPANY_OICE.pdf,SUCCESS
2026-06-18 11:39:33,29_PDFsam_PVA-CMD-270-23-04-018.pdf,PT_CEMINDO_GEMILANG_TBK_NO_INVOICE.pdf,SUCCESS
2026-06-18 11:39:54,30_PDFsam_PVA-CMD-270-23-04-018.pdf,UNKNOWN_COMPANY_NO_INVOICE.pdf,SUCCESS
2026-06-18 11:40:11,31_PDFsam_PVA-CMD-270-23-04-035 [A].pdf,UNKNOWN_COMPANY_oice.pdf,SUCCESS
2026-06-18 11:40:33,31_PDFsam_PVA-CMD-270-23-04-053.pdf,PT_TIRA_AUSTENITE_TBK_NO_INVOICE.pdf,SUCCESS
2026-06-18 11:40:54,36_PDFsam_PVA-CMD-270-23-04-018.pdf,PT_CEMINDO_GEMILANG_TBK_NO_INVOICE.pdf,SUCCESS
2026-06-18 11:41:17,37_PDFsam_PVA-CMD-270-23-04-018.pdf,UNKNOWN_COMPANY_NO_INVOICE.pdf,SUCCESS
2026-06-18 11:41:36,37_PDFsam_PVA-CMD-270-23-04-019.pdf,PT_GRAHA_MANUNGGAL_GEMILANG_IGMGNI2022.pdf,SUCCESS
2026-06-18 11:42:28,43_PDFsam_PVA-CMD-270-23-04-009.pdf,PT_KARYA_oice.pdf,SUCCESS
2026-06-18 11:42:50,4_PDFsam_PVA-CMD-270-23-04-003.pdf,PT_ALUR_BIRU_MARITIM_OICE.pdf,SUCCESS
2026-06-18 11:43:09,4_PDFsam_PVA-CMD-270-23-04-007.pdf,UNKNOWN_COMPANY_OICE.pdf,SUCCESS
2026-06-18 11:43:28,4_PDFsam_PVA-CMD-270-23-04-008.pdf,UNKNOWN_COMPANY_oice.pdf,SUCCESS
2026-06-18 11:43:46,4_PDFsam_PVA-CMD-270-23-04-010.pdf,PT_CEMINDO_GEMILANG_TBK_OICE.pdf,SUCCESS
2026-06-18 11:44:03,4_PDFsam_PVA-CMD-270-23-04-015.pdf,PT_MAHAKARYA_SENTRA_ENERGI_OICE.pdf,SUCCESS
2026-06-18 11:44:23,4_PDFsam_PVA-CMD-270-23-04-017.pdf,PT_BLESSINDO_PRIMO_SORONG_OICE.pdf,SUCCESS
2026-06-18 11:44:44,4_PDFsam_PVA-CMD-270-23-04-018.pdf,UNKNOWN_COMPANY_NO_INVOICE.pdf,SUCCESS
2026-06-18 11:45:02,4_PDFsam_PVA-CMD-270-23-04-019.pdf,UNKNOWN_COMPANY_IGMGNI_2022.pdf,SUCCESS
2026-06-18 11:45:26,4_PDFsam_PVA-CMD-270-23-04-020.pdf,PT_MASTER_BUILDERS_SOLUTIONS_oice.pdf,SUCCESS
2026-06-18 11:45:48,4_PDFsam_PVA-CMD-270-23-04-025.pdf,PT_POLITAMA_PAKINDO_NO_INVOICE.pdf,SUCCESS
2026-06-18 11:46:00,4_PDFsam_PVA-CMD-270-23-04-028.pdf,PT_CEMINDO_GEMILANG_TBK_NO_INVOICE.pdf,SUCCESS
2026-06-18 11:46:20,4_PDFsam_PVA-CMD-270-23-04-031.pdf,PT_INTI_ABADI_KEMASINDO_oice.pdf,SUCCESS
2026-06-18 11:46:41,4_PDFsam_PVA-CMD-270-23-04-032.pdf,PT_CEMINDO_GEMILANG_TBK_NO_INVOICE.pdf,SUCCESS
2026-06-18 11:47:04,4_PDFsam_PVA-CMD-270-23-04-035 [B].pdf,UNKNOWN_COMPANY_OICE.pdf,SUCCESS
2026-06-18 11:47:27,4_PDFsam_PVA-CMD-270-23-04-036.pdf,PT_POLYG_oice.pdf,SUCCESS
2026-06-18 11:47:46,4_PDFsam_PVA-CMD-270-23-04-037.pdf,PT_VCTORINDO_SURYA_UTAMA_oice.pdf,SUCCESS
2026-06-18 11:48:03,4_PDFsam_PVA-CMD-270-23-04-038.pdf,PT_CEMINDO_GEMILANG_TBK_NO_INVOICE.pdf,SUCCESS
2026-06-18 11:48:19,4_PDFsam_PVA-CMD-270-23-04-043.pdf,UNKNOWN_COMPANY_OICE.pdf,SUCCESS
2026-06-18 11:48:38,4_PDFsam_PVA-CMD-270-23-04-044.pdf,PT_SATRA_PRIMA_NAGA_OICE.pdf,SUCCESS
2026-06-18 11:48:58,4_PDFsam_PVA-CMD-270-23-04-046.pdf,PT_INTI_ABADI_KEMASINDO_oice.pdf,SUCCESS
2026-06-18 11:49:17,4_PDFsam_PVA-CMD-270-23-04-049.pdf,PT_SEDERHANA_JAYA_UTAMA_NO_INVOICE.pdf,SUCCESS
2026-06-18 11:49:37,4_PDFsam_PVA-CMD-270-23-04-052.pdf,UNKNOWN_COMPANY_NO_INVOICE.pdf,SUCCESS
2026-06-18 11:50:00,4_PDFsam_PVA-CMD-270-23-04-053.pdf,PT_TIRA_AUSTENITE_TBK_NO_INVOICE.pdf,SUCCESS
2026-06-18 11:50:17,4_PDFsam_PVA-CMD-270-23-04-056.pdf,PT_CEMINDO_GEMILANG_TBK_OICE.pdf,SUCCESS
2026-06-18 11:50:37,4_PDFsam_PVA-CMD-270-23-04-057.pdf,PT_BANK_MANDIRI_PERSERO_TBK_OICE.pdf,SUCCESS
2026-06-18 11:50:57,4_PDFsam_PVA-CMD-270-23-04-058 [A].pdf,UNKNOWN_COMPANY_OICE.pdf,SUCCESS
2026-06-18 11:51:13,4_PDFsam_PVA-CMD-270-23-04-058 [B].pdf,UNKNOWN_COMPANY_DELINTEK_1_2023.pdf,SUCCESS
2026-06-18 11:51:33,4_PDFsam_PVA-CMD-270-23-04-061.pdf,PT_CEMINDO_GEMILANG_TBK_OICE.pdf,SUCCESS
2026-06-18 11:51:50,4_PDFsam_PVA-CMD-270-23-04-063 [A].pdf,PT_CENTRAL_BEARINDO_INTERNATIONAL_NO_INVOICE.pdf,SUCCESS
2026-06-18 11:52:08,4_PDFsam_PVA-CMD-270-23-04-063 [B].pdf,UNKNOWN_COMPANY_NO_INVOICE.pdf,SUCCESS
2026-06-18 11:52:23,4_PDFsam_PVA-CMD-270-23-04-063 [C].pdf,UNKNOWN_COMPANY_NO_INVOICE.pdf,SUCCESS
2026-06-18 11:52:42,4_PDFsam_PVA-CMD-270-23-04-063 [D].pdf,PT_MULTI_MITRA_INDOTAMA_oices.pdf,SUCCESS
2026-06-18 11:53:00,4_PDFsam_PVA-CMD-270-23-04-063 [E].pdf,PT_WANGIJAYA_KENCANA_NO_INVOICE.pdf,SUCCESS
2026-06-18 11:53:19,54_PDFsam_PVA-CMD-270-23-04-035 [A].pdf,UNKNOWN_COMPANY_oice.pdf,SUCCESS
2026-06-18 11:53:39,5_PDFsam_PVA-CMD-270-23-04-011.pdf,UNKNOWN_COMPANY_NO_INVOICE.pdf,SUCCESS
2026-06-18 11:53:57,5_PDFsam_PVA-CMD-270-23-04-012.pdf,UNKNOWN_COMPANY_OICE.pdf,SUCCESS
2026-06-18 11:54:15,5_PDFsam_PVA-CMD-270-23-04-014.pdf,PT_LINTAS_BAHARI_NUSANTARA_OICE.pdf,SUCCESS
2026-06-18 11:54:36,5_PDFsam_PVA-CMD-270-23-04-018.pdf,UNKNOWN_COMPANY_NO_INVOICE.pdf,SUCCESS
2026-06-18 11:54:47,5_PDFsam_PVA-CMD-270-23-04-023.pdf,UNKNOWN_COMPANY_NO_INVOICE.pdf,SUCCESS
2026-06-18 11:55:06,5_PDFsam_PVA-CMD-270-23-04-027.pdf,UNKNOWN_COMPANY_OICE.pdf,SUCCESS
2026-06-18 11:55:29,5_PDFsam_PVA-CMD-270-23-04-029.pdf,PT_ANGSA_EMAS_PERDANA_OIC.pdf,SUCCESS
2026-06-18 11:55:48,5_PDFsam_PVA-CMD-270-23-04-030.pdf,PT_CEMINDO_GEMILANG_TBK_OICE.pdf,SUCCESS
2026-06-18 11:56:06,5_PDFsam_PVA-CMD-270-23-04-033.pdf,PT_HASDASA_JAYA_SEJAHTERA_OIC.pdf,SUCCESS
2026-06-18 11:56:25,5_PDFsam_PVA-CMD-270-23-04-034.pdf,CV_CENTRAL_KURNIA_MANDIRI_OIcE.pdf,SUCCESS
2026-06-18 11:56:40,5_PDFsam_PVA-CMD-270-23-04-035 [A].pdf,UNKNOWN_COMPANY_oice.pdf,SUCCESS
2026-06-18 11:56:57,5_PDFsam_PVA-CMD-270-23-04-048.pdf,PT_LINTAS_BAHARI_NUSANTARA_OICE.pdf,SUCCESS
2026-06-18 11:57:16,5_PDFsam_PVA-CMD-270-23-04-051.pdf,PT_ALAS_JAWADWIPA_NUSANTARA_OICE.pdf,SUCCESS
2026-06-18 11:57:36,5_PDFsam_PVA-CMD-270-23-04-054.pdf,UNKNOWN_COMPANY_OICE.pdf,SUCCESS
2026-06-18 11:58:05,5_PDFsam_PVA-CMD-270-23-04-059.pdf,UNKNOWN_COMPANY_NO_INVOICE.pdf,SUCCESS
2026-06-18 11:58:26,5_PDFsam_PVA-CMD-270-23-04-060.pdf,UNKNOWN_COMPANY_OICE.pdf,SUCCESS
2026-06-18 11:58:52,6_PDFsam_PVA-CMD-270-23-04-059.pdf,UNKNOWN_COMPANY_NO_INVOICE.pdf,SUCCESS
2026-06-18 13:55:27,11_PDFsam_PVA-CMD-270-23-04-017.pdf,PT_BLESSWNDO_PRIMA_SARANA_NO_INVOICE.pdf,SUCCESS
2026-06-18 13:56:05,11_PDFsam_PVA-CMD-270-23-04-027.pdf,UNKNOWN_COMPANY_NO_INVOICE.pdf,SUCCESS
2026-06-18 13:56:49,12_PDFsam_PVA-CMD-270-23-04-008.pdf,PT_CEMINDO_GEMILANG_TBK_INVOICING.pdf,SUCCESS
2026-06-18 13:57:24,12_PDFsam_PVA-CMD-270-23-04-018.pdf,UNKNOWN_COMPANY_NO_INVOICE.pdf,SUCCESS
2026-06-18 13:58:20,12_PDFsam_PVA-CMD-270-23-04-044.pdf,UNKNOWN_COMPANY_NO_INVOICE.pdf,SUCCESS
2026-06-18 13:59:18,12_PDFsam_PVA-CMD-270-23-04-061.pdf,PT_CEMINDO_GEMILANG_TBK_NUMBER.pdf,SUCCESS
2026-06-18 13:59:56,12_PDFsam_PVA-CMD-270-23-04-063 [B].pdf,UNKNOWN_COMPANY_NO_INVOICE.pdf,SUCCESS
2026-06-18 14:00:26,13_PDFsam_PVA-CMD-270-23-04-018.pdf,PT_KERTA_RAJASA_RAYA_NO_INVOICE.pdf,SUCCESS
2026-06-18 14:01:00,13_PDFsam_PVA-CMD-270-23-04-053.pdf,PT_TIRA_AUSTENITE_TBK_NO_INVOICE.pdf,SUCCESS
2026-06-18 14:01:23,14_PDFsam_PVA-CMD-270-23-04-035 [A].pdf,PT_JAYA_KHARISMA_TUNGGAL_NO_INVOICE.pdf,SUCCESS
2026-06-18 14:01:46,14_PDFsam_PVA-CMD-270-23-04-049.pdf,PT_SEDERHANA_JAYA_UTAMA_NO_INVOICE.pdf,SUCCESS
2026-06-18 14:02:07,15_PDFsam_PVA-CMD-270-23-04-019.pdf,PT_CEMINDO_GEMILANG_TBK_6_INVIGMGNII2022.pdf,SUCCESS
2026-06-18 14:02:30,15_PDFsam_PVA-CMD-270-23-04-027.pdf,UNKNOWN_COMPANY_NO_INVOICE.pdf,SUCCESS
2026-06-18 14:04:16,16_PDFsam_PVA-CMD-270-23-04-014.pdf,PT_LINTAS_BAHARI_NUSANTARA_NO_INVOICE.pdf,SUCCESS
2026-06-18 14:04:59,17_PDFsam_PVA-CMD-270-23-04-017.pdf,UNKNOWN_COMPANY_NO_INVOICE.pdf,SUCCESS
2026-06-18 14:05:50,20_PDFsam_PVA-CMD-270-23-04-008.pdf,PT_POLYMARK_REAINDO_PLUS_INVOICING.pdf,SUCCESS
2026-06-18 14:06:45,20_PDFsam_PVA-CMD-270-23-04-058 [A].pdf,UNKNOWN_COMPANY_NO_INVOICE.pdf,SUCCESS
2026-06-18 14:07:20,21_PDFsam_PVA-CMD-270-23-04-044.pdf,UNKNOWN_COMPANY_NO_INVOICE.pdf,SUCCESS
2026-06-18 14:08:04,22_PDFsam_PVA-CMD-270-23-04-018.pdf,UNKNOWN_COMPANY_NO_INVOICE.pdf,SUCCESS
2026-06-18 14:08:43,22_PDFsam_PVA-CMD-270-23-04-035 [A].pdf,PT_JAYA_KHARISMA_TUNGGAL_NO_INVOICE.pdf,SUCCESS
2026-06-18 14:09:21,22_PDFsam_PVA-CMD-270-23-04-053.pdf,PT_TIRA_AUSTENITE_TBK_NO_INVOICE.pdf,SUCCESS
2026-06-18 14:09:55,23_PDFsam_PVA-CMD-270-23-04-018.pdf,PT_KERTA_RAJASA_RAYA_NO_INVOICE.pdf,SUCCESS
2026-06-18 14:10:24,26_PDFsam_PVA-CMD-270-23-04-019.pdf,PT_GRAHA_MANUNGGA_GEMILANG_5_INVIGMGNII2022.pdf,SUCCESS
2026-06-18 14:10:40,28_PDFsam_PVA-CMD-270-23-04-023.pdf,UNKNOWN_COMPANY_NO_INVOICE.pdf,SUCCESS
2026-06-18 14:11:15,28_PDFsam_PVA-CMD-270-23-04-058 [A].pdf,UNKNOWN_COMPANY_NO_INVOICE.pdf,SUCCESS
2026-06-18 14:11:46,29_PDFsam_PVA-CMD-270-23-04-018.pdf,PT_CEMINDO_GEMILANG_TBK_NO_INVOICE.pdf,SUCCESS
2026-06-18 14:12:17,30_PDFsam_PVA-CMD-270-23-04-018.pdf,PT_CEMINDO_GEMILANG_TBK_NO_INVOICE.pdf,SUCCESS
2026-06-18 14:12:44,31_PDFsam_PVA-CMD-270-23-04-035 [A].pdf,PT_JAYA_KHARISMA_TUNGGAL_NO_INVOICE.pdf,SUCCESS
2026-06-18 14:13:19,31_PDFsam_PVA-CMD-270-23-04-053.pdf,PT_TIRA_AUSTENITE_TBK_NO_INVOICE.pdf,SUCCESS
2026-06-18 14:13:55,36_PDFsam_PVA-CMD-270-23-04-018.pdf,PT_KERTA_RAJASA_RAYA_NO_INVOICE.pdf,SUCCESS
2026-06-18 14:14:27,37_PDFsam_PVA-CMD-270-23-04-018.pdf,PT_KERTA_RAJASA_RAYA_NO_INVOICE.pdf,SUCCESS
2026-06-18 14:14:55,37_PDFsam_PVA-CMD-270-23-04-019.pdf,PT_GRAHA_MANUNGGAL_GEMILANG_0207_INVIGMGNI2022.pdf,SUCCESS
2026-06-18 14:16:17,43_PDFsam_PVA-CMD-270-23-04-009.pdf,PT_KARYA_NO_INVOICE.pdf,SUCCESS
2026-06-18 14:16:49,4_PDFsam_PVA-CMD-270-23-04-003.pdf,PT_ALUR_BIRU_MARITIM_DITRANSFER.pdf,SUCCESS
2026-06-18 14:17:19,4_PDFsam_PVA-CMD-270-23-04-007.pdf,PT_LUKI_THAMRIN_BERSAUDARA_INV_000Z7_LTB_1_2023.pdf,SUCCESS
2026-06-18 14:17:50,4_PDFsam_PVA-CMD-270-23-04-008.pdf,PT_POLYMARK_REAINDO_PLUS_INVOICING.pdf,SUCCESS
2026-06-18 14:18:19,4_PDFsam_PVA-CMD-270-23-04-010.pdf,PT_CEMINDO_GEMILANG_TBK_INVI2023_02371.pdf,SUCCESS
2026-06-18 14:18:50,4_PDFsam_PVA-CMD-270-23-04-015.pdf,PT_MAHAKARYA_SENTRA_ENERGI_027_INV-MSE_II_2023.pdf,SUCCESS
2026-06-18 14:19:21,4_PDFsam_PVA-CMD-270-23-04-017.pdf,PT_BLESSINDO_PRIMA_SARANA_NO_INVOICE.pdf,SUCCESS
2026-06-18 14:19:53,4_PDFsam_PVA-CMD-270-23-04-018.pdf,UNKNOWN_COMPANY_NO_INVOICE.pdf,SUCCESS
2026-06-18 14:20:22,4_PDFsam_PVA-CMD-270-23-04-019.pdf,PT_GRAHA_MANUNGGA_GEMILANG_0201_INVIGMGNI_2022.pdf,SUCCESS
2026-06-18 14:20:53,4_PDFsam_PVA-CMD-270-23-04-020.pdf,PT_MASTER_BUILDERS_SOLUTIONS_NO_INVOICE.pdf,SUCCESS
2026-06-18 14:21:21,4_PDFsam_PVA-CMD-270-23-04-025.pdf,UNKNOWN_COMPANY_NO_INVOICE.pdf,SUCCESS
2026-06-18 14:21:37,4_PDFsam_PVA-CMD-270-23-04-028.pdf,UNKNOWN_COMPANY_NO_INVOICE.pdf,SUCCESS
2026-06-18 14:22:03,4_PDFsam_PVA-CMD-270-23-04-031.pdf,PT_INTI_ABADI_KEMASINDO_NO_INVOICE.pdf,SUCCESS
2026-06-18 14:22:33,4_PDFsam_PVA-CMD-270-23-04-032.pdf,PT_CEMINDO_GEMILANG_TBK_NO_INVOICE.pdf,SUCCESS
2026-06-18 14:23:08,4_PDFsam_PVA-CMD-270-23-04-035 [B].pdf,PT_RAFKHA_KARYA_GEMILANG_NO_INVOICE.pdf,SUCCESS
2026-06-18 14:23:41,4_PDFsam_PVA-CMD-270-23-04-036.pdf,PT_POLYCHEMIE_ASIA_PACIFIC_PERMAI_CONFIRMED.pdf,SUCCESS
2026-06-18 14:24:08,4_PDFsam_PVA-CMD-270-23-04-037.pdf,UNKNOWN_COMPANY_NUMBER.pdf,SUCCESS
2026-06-18 14:24:31,4_PDFsam_PVA-CMD-270-23-04-038.pdf,PT_MTECH_TRIMEGAH_TEKNINDO_NO_INVOICE.pdf,SUCCESS
2026-06-18 14:24:53,4_PDFsam_PVA-CMD-270-23-04-043.pdf,UNKNOWN_COMPANY_NO_INVOICE.pdf,SUCCESS
2026-06-18 14:25:19,4_PDFsam_PVA-CMD-270-23-04-044.pdf,PT_SATRA_PRIMA_NAGA_NO_INVOICE.pdf,SUCCESS
2026-06-18 14:25:46,4_PDFsam_PVA-CMD-270-23-04-046.pdf,PT_INTI_ABADI_KEMASINDO_NO_INVOICE.pdf,SUCCESS
2026-06-18 14:26:16,4_PDFsam_PVA-CMD-270-23-04-049.pdf,PT_SEDERHANA_JAYA_UTAMA_NO_INVOICE.pdf,SUCCESS
2026-06-18 14:26:55,4_PDFsam_PVA-CMD-270-23-04-052.pdf,UNKNOWN_COMPANY_NO_INVOICE.pdf,SUCCESS
2026-06-18 14:27:33,4_PDFsam_PVA-CMD-270-23-04-053.pdf,PT_TIRA_AUSTENITE_TBK_NO_INVOICE.pdf,SUCCESS
2026-06-18 14:28:01,4_PDFsam_PVA-CMD-270-23-04-056.pdf,UNKNOWN_COMPANY_NO_INVOICE.pdf,SUCCESS
2026-06-18 14:28:39,4_PDFsam_PVA-CMD-270-23-04-057.pdf,UNKNOWN_COMPANY_NO_INVOICE.pdf,SUCCESS
2026-06-18 14:29:14,4_PDFsam_PVA-CMD-270-23-04-058 [A].pdf,UNKNOWN_COMPANY_NO_INVOICE.pdf,SUCCESS
2026-06-18 14:29:40,4_PDFsam_PVA-CMD-270-23-04-058 [B].pdf,PT_CEMINDO_GEMILANG_TBK_011_INV-DELINTEK_1_2023.pdf,SUCCESS
2026-06-18 14:30:14,4_PDFsam_PVA-CMD-270-23-04-061.pdf,PT_CEMINDO_GEMILANG_TBK_NUMBER.pdf,SUCCESS
2026-06-18 14:30:41,4_PDFsam_PVA-CMD-270-23-04-063 [A].pdf,PT_CENTRAL_BEARINDO_INTERNATIONAL_NO_INVOICE.pdf,SUCCESS
2026-06-18 14:31:10,4_PDFsam_PVA-CMD-270-23-04-063 [B].pdf,UNKNOWN_COMPANY_NO_INVOICE.pdf,SUCCESS
2026-06-18 14:31:44,4_PDFsam_PVA-CMD-270-23-04-063 [C].pdf,UNKNOWN_COMPANY_NO_INVOICE.pdf,SUCCESS
2026-06-18 14:32:22,4_PDFsam_PVA-CMD-270-23-04-063 [D].pdf,PT_MULTI_MITRA_INDOTAMA_INVOICES.pdf,SUCCESS
2026-06-18 14:33:01,4_PDFsam_PVA-CMD-270-23-04-063 [E].pdf,PT_WANGIJAYA_KENCANA_NO_INVOICE.pdf,SUCCESS
2026-06-18 14:33:41,54_PDFsam_PVA-CMD-270-23-04-035 [A].pdf,PT_JAYA_KHARISMA_TUNGGAL_NO_INVOICE.pdf,SUCCESS
2026-06-18 14:34:20,5_PDFsam_PVA-CMD-270-23-04-011.pdf,CV_YORIM_NO_INVOICE.pdf,SUCCESS
2026-06-18 14:34:50,5_PDFsam_PVA-CMD-270-23-04-012.pdf,PT_TRANSINDO_PERKASA_PRIMA_NO_INVOICE.pdf,SUCCESS
2026-06-18 14:35:20,5_PDFsam_PVA-CMD-270-23-04-014.pdf,PT_LINTAS_BAHARI_NUSANTARA_NO_INVOICE.pdf,SUCCESS
2026-06-18 14:35:53,5_PDFsam_PVA-CMD-270-23-04-018.pdf,UNKNOWN_COMPANY_NO_INVOICE.pdf,SUCCESS
2026-06-18 14:36:11,5_PDFsam_PVA-CMD-270-23-04-023.pdf,UNKNOWN_COMPANY_NO_INVOICE.pdf,SUCCESS
2026-06-18 14:36:47,5_PDFsam_PVA-CMD-270-23-04-027.pdf,UNKNOWN_COMPANY_NO_INVOICE.pdf,SUCCESS
2026-06-18 14:37:23,5_PDFsam_PVA-CMD-270-23-04-029.pdf,PT_CEMINDO_GEMILANG_TBK_NO_INVOICE.pdf,SUCCESS
2026-06-18 14:38:03,5_PDFsam_PVA-CMD-270-23-04-030.pdf,UNKNOWN_COMPANY_NO_INVOICE.pdf,SUCCESS
2026-06-18 14:38:40,5_PDFsam_PVA-CMD-270-23-04-033.pdf,PT_CEMINDO_GEMILANG_TBK_NO_INVOICE.pdf,SUCCESS
2026-06-18 14:39:17,5_PDFsam_PVA-CMD-270-23-04-034.pdf,UNKNOWN_COMPANY_NO_INVOICE.pdf,SUCCESS
2026-06-18 14:39:41,5_PDFsam_PVA-CMD-270-23-04-035 [A].pdf,PT_JAYA_KHARISMA_TUNGGAL_NO_INVOICE.pdf,SUCCESS
2026-06-18 14:40:03,5_PDFsam_PVA-CMD-270-23-04-048.pdf,PT_LINTAS_BAHARI_NUSANTARA_NO_INVOICE.pdf,SUCCESS
2026-06-18 14:40:28,5_PDFsam_PVA-CMD-270-23-04-051.pdf,PT_ALAS_JAWADWIPA_NUSANTARA_NO_INVOICE.pdf,SUCCESS
2026-06-18 14:40:53,5_PDFsam_PVA-CMD-270-23-04-054.pdf,PT_MAXIMA_LINERS_NO_INVOICE.pdf,SUCCESS
2026-06-18 14:41:29,5_PDFsam_PVA-CMD-270-23-04-059.pdf,UNKNOWN_COMPANY_NO_INVOICE.pdf,SUCCESS
2026-06-18 14:41:55,5_PDFsam_PVA-CMD-270-23-04-060.pdf,UNKNOWN_COMPANY_02115_INV-BBPTIKSO_03_23.pdf,SUCCESS
2026-06-18 14:42:31,6_PDFsam_PVA-CMD-270-23-04-059.pdf,PT_CEMINDO_GEMILANG_TBK_NO_INVOICE.pdf,SUCCESS
2026-06-18 14:59:02,11_PDFsam_PVA-CMD-270-23-04-017.pdf,PT_BLESSWNDO_PRIMA_SARANA_DATE.pdf,SUCCESS
2026-06-18 14:59:40,11_PDFsam_PVA-CMD-270-23-04-027.pdf,UNKNOWN_COMPANY_NO.pdf,SUCCESS
2026-06-18 15:00:21,12_PDFsam_PVA-CMD-270-23-04-008.pdf,PT_CEMINDO_GEMILANG_TBK_NO_INVOICE.pdf,SUCCESS
2026-06-18 15:01:01,12_PDFsam_PVA-CMD-270-23-04-018.pdf,UNKNOWN_COMPANY_NO_INVOICE.pdf,SUCCESS
2026-06-18 15:01:35,12_PDFsam_PVA-CMD-270-23-04-044.pdf,UNKNOWN_COMPANY_NO_INVOICE.pdf,SUCCESS
2026-06-18 15:02:05,12_PDFsam_PVA-CMD-270-23-04-061.pdf,PT_CEMINDO_GEMILANG_TBK_NUMBER.pdf,SUCCESS
2026-06-18 15:02:27,12_PDFsam_PVA-CMD-270-23-04-063 [B].pdf,UNKNOWN_COMPANY_NO_INVOICE.pdf,SUCCESS
2026-06-18 15:02:49,13_PDFsam_PVA-CMD-270-23-04-018.pdf,PT_KERTA_RAJASA_RAYA_NO_INVOICE.pdf,SUCCESS
2026-06-18 15:03:13,13_PDFsam_PVA-CMD-270-23-04-053.pdf,PT_TIRA_AUSTENITE_TBK_NO_INVOICE.pdf,SUCCESS
2026-06-18 15:03:32,14_PDFsam_PVA-CMD-270-23-04-035 [A].pdf,PT_JAYA_KHARISMA_TUNGGAL_NO_INVOICE.pdf,SUCCESS
2026-06-18 15:03:53,14_PDFsam_PVA-CMD-270-23-04-049.pdf,PT_SEDERHANA_JAYA_UTAMA_NO_INVOICE.pdf,SUCCESS
2026-06-18 15:04:14,15_PDFsam_PVA-CMD-270-23-04-019.pdf,PT_CEMINDO_GEMILANG_TBK_6_INVIGMGNII2022.pdf,SUCCESS
2026-06-18 15:04:32,15_PDFsam_PVA-CMD-270-23-04-027.pdf,UNKNOWN_COMPANY_NO_INVOICE.pdf,SUCCESS
2026-06-18 15:04:58,16_PDFsam_PVA-CMD-270-23-04-014.pdf,PT_LINTAS_BAHARI_NUSANTARA_NO.pdf,SUCCESS
2026-06-18 15:05:21,17_PDFsam_PVA-CMD-270-23-04-017.pdf,UNKNOWN_COMPANY_DATE.pdf,SUCCESS
2026-06-18 15:05:47,20_PDFsam_PVA-CMD-270-23-04-008.pdf,PT_POLYMARK_REAINDO_PLUS_NO_INVOICE.pdf,SUCCESS
2026-06-18 15:06:12,20_PDFsam_PVA-CMD-270-23-04-058 [A].pdf,UNKNOWN_COMPANY_NO_INVOICE.pdf,SUCCESS
2026-06-18 15:06:35,21_PDFsam_PVA-CMD-270-23-04-044.pdf,UNKNOWN_COMPANY_NO_INVOICE.pdf,SUCCESS
2026-06-18 15:06:59,22_PDFsam_PVA-CMD-270-23-04-018.pdf,UNKNOWN_COMPANY_NO_INVOICE.pdf,SUCCESS
2026-06-18 15:07:17,22_PDFsam_PVA-CMD-270-23-04-035 [A].pdf,PT_JAYA_KHARISMA_TUNGGAL_NO_INVOICE.pdf,SUCCESS
2026-06-18 15:07:49,22_PDFsam_PVA-CMD-270-23-04-053.pdf,PT_TIRA_AUSTENITE_TBK_NO_INVOICE.pdf,SUCCESS
2026-06-18 15:08:14,23_PDFsam_PVA-CMD-270-23-04-018.pdf,PT_KERTA_RAJASA_RAYA_NO_INVOICE.pdf,SUCCESS
2026-06-18 15:08:38,26_PDFsam_PVA-CMD-270-23-04-019.pdf,PT_GRAHA_MANUNGGA_GEMILANG_5_INVIGMGNII2022.pdf,SUCCESS
2026-06-18 15:08:50,28_PDFsam_PVA-CMD-270-23-04-023.pdf,UNKNOWN_COMPANY_NO_INVOICE.pdf,SUCCESS
2026-06-18 15:09:30,28_PDFsam_PVA-CMD-270-23-04-058 [A].pdf,UNKNOWN_COMPANY_NO_INVOICE.pdf,SUCCESS
2026-06-18 15:11:44,29_PDFsam_PVA-CMD-270-23-04-018.pdf,PT_CEMINDO_GEMILANG_TBK_NO_INVOICE.pdf,SUCCESS
2026-06-18 15:12:08,30_PDFsam_PVA-CMD-270-23-04-018.pdf,PT_CEMINDO_GEMILANG_TBK_NO_INVOICE.pdf,SUCCESS
2026-06-18 15:12:33,31_PDFsam_PVA-CMD-270-23-04-035 [A].pdf,PT_JAYA_KHARISMA_TUNGGAL_NO_INVOICE.pdf,SUCCESS
2026-06-18 15:12:59,31_PDFsam_PVA-CMD-270-23-04-053.pdf,PT_TIRA_AUSTENITE_TBK_NO_INVOICE.pdf,SUCCESS
2026-06-18 15:13:20,36_PDFsam_PVA-CMD-270-23-04-018.pdf,PT_KERTA_RAJASA_RAYA_NO_INVOICE.pdf,SUCCESS
2026-06-18 15:13:40,37_PDFsam_PVA-CMD-270-23-04-018.pdf,PT_KERTA_RAJASA_RAYA_NO_INVOICE.pdf,SUCCESS
2026-06-18 15:13:58,37_PDFsam_PVA-CMD-270-23-04-019.pdf,PT_GRAHA_MANUNGGAL_GEMILANG_0207_INVIGMGNI2022.pdf,SUCCESS
2026-06-18 15:14:48,43_PDFsam_PVA-CMD-270-23-04-009.pdf,PT_KARYA_NO_INVOICE.pdf,SUCCESS
2026-06-18 15:15:11,4_PDFsam_PVA-CMD-270-23-04-003.pdf,PT_ALUR_BIRU_MARITIM_NO.pdf,SUCCESS
2026-06-18 15:15:32,4_PDFsam_PVA-CMD-270-23-04-007.pdf,PT_LUKI_THAMRIN_BERSAUDARA_NO.pdf,SUCCESS
2026-06-18 15:15:52,4_PDFsam_PVA-CMD-270-23-04-008.pdf,PT_POLYMARK_REAINDO_PLUS_NO_INVOICE.pdf,SUCCESS
2026-06-18 15:16:12,4_PDFsam_PVA-CMD-270-23-04-010.pdf,PT_CEMINDO_GEMILANG_TBK_NO.pdf,SUCCESS
2026-06-18 15:16:34,4_PDFsam_PVA-CMD-270-23-04-015.pdf,PT_MAHAKARYA_SENTRA_ENERGI_NO.pdf,SUCCESS
2026-06-18 15:16:55,4_PDFsam_PVA-CMD-270-23-04-017.pdf,PT_BLESSINDO_PRIMA_SARANA_NO_INVOICE.pdf,SUCCESS
2026-06-18 15:17:29,4_PDFsam_PVA-CMD-270-23-04-018.pdf,UNKNOWN_COMPANY_NO_INVOICE.pdf,SUCCESS
2026-06-18 15:17:49,4_PDFsam_PVA-CMD-270-23-04-019.pdf,PT_GRAHA_MANUNGGA_GEMILANG_0201_INVIGMGNI_2022.pdf,SUCCESS
2026-06-18 15:18:21,4_PDFsam_PVA-CMD-270-23-04-020.pdf,PT_MASTER_BUILDERS_SOLUTIONS_DATE.pdf,SUCCESS
2026-06-18 15:18:50,4_PDFsam_PVA-CMD-270-23-04-025.pdf,UNKNOWN_COMPANY_NO_INVOICE.pdf,SUCCESS
2026-06-18 15:19:04,4_PDFsam_PVA-CMD-270-23-04-028.pdf,UNKNOWN_COMPANY_NO_INVOICE.pdf,SUCCESS
2026-06-18 15:19:27,4_PDFsam_PVA-CMD-270-23-04-031.pdf,PT_INTI_ABADI_KEMASINDO_NO.pdf,SUCCESS
2026-06-18 15:19:55,4_PDFsam_PVA-CMD-270-23-04-032.pdf,PT_CEMINDO_GEMILANG_TBK_NO_INVOICE.pdf,SUCCESS
2026-06-18 15:20:24,4_PDFsam_PVA-CMD-270-23-04-035 [B].pdf,PT_RAFKHA_KARYA_GEMILANG_NO_INVOICE.pdf,SUCCESS
2026-06-18 15:20:50,4_PDFsam_PVA-CMD-270-23-04-036.pdf,PT_POLYCHEMIE_ASIA_PACIFIC_PERMAI_NO.pdf,SUCCESS
2026-06-18 15:21:10,4_PDFsam_PVA-CMD-270-23-04-037.pdf,UNKNOWN_COMPANY_NUMBER.pdf,SUCCESS
2026-06-18 15:21:30,4_PDFsam_PVA-CMD-270-23-04-038.pdf,PT_MTECH_TRIMEGAH_TEKNINDO_NO_INVOICE.pdf,SUCCESS
2026-06-18 15:22:00,4_PDFsam_PVA-CMD-270-23-04-043.pdf,UNKNOWN_COMPANY_NO_INVOICE.pdf,SUCCESS
2026-06-18 15:22:24,4_PDFsam_PVA-CMD-270-23-04-044.pdf,PT_SATRA_PRIMA_NAGA_NO_INVOICE.pdf,SUCCESS
2026-06-18 15:22:47,4_PDFsam_PVA-CMD-270-23-04-046.pdf,PT_INTI_ABADI_KEMASINDO_NO.pdf,SUCCESS
2026-06-18 15:23:10,4_PDFsam_PVA-CMD-270-23-04-049.pdf,PT_SEDERHANA_JAYA_UTAMA_NO_INVOICE.pdf,SUCCESS
2026-06-18 15:23:34,4_PDFsam_PVA-CMD-270-23-04-052.pdf,UNKNOWN_COMPANY_NO_INVOICE.pdf,SUCCESS
2026-06-18 15:23:57,4_PDFsam_PVA-CMD-270-23-04-053.pdf,PT_TIRA_AUSTENITE_TBK_NO_INVOICE.pdf,SUCCESS
2026-06-18 15:24:14,4_PDFsam_PVA-CMD-270-23-04-056.pdf,UNKNOWN_COMPANY_SEWA.pdf,SUCCESS
2026-06-18 15:24:37,4_PDFsam_PVA-CMD-270-23-04-057.pdf,UNKNOWN_COMPANY_NO_INVOICE.pdf,SUCCESS
2026-06-18 15:25:00,4_PDFsam_PVA-CMD-270-23-04-058 [A].pdf,UNKNOWN_COMPANY_NE.pdf,SUCCESS
2026-06-18 15:25:16,4_PDFsam_PVA-CMD-270-23-04-058 [B].pdf,PT_CEMINDO_GEMILANG_TBK_011_INV-DELINTEK_1_2023.pdf,SUCCESS
2026-06-18 15:25:37,4_PDFsam_PVA-CMD-270-23-04-061.pdf,PT_CEMINDO_GEMILANG_TBK_NUMBER.pdf,SUCCESS
2026-06-18 15:25:55,4_PDFsam_PVA-CMD-270-23-04-063 [A].pdf,PT_CENTRAL_BEARINDO_INTERNATIONAL_NO_INVOICE.pdf,SUCCESS
2026-06-18 15:26:22,4_PDFsam_PVA-CMD-270-23-04-063 [B].pdf,UNKNOWN_COMPANY_NO_INVOICE.pdf,SUCCESS
2026-06-18 15:26:39,4_PDFsam_PVA-CMD-270-23-04-063 [C].pdf,UNKNOWN_COMPANY_NO_INVOICE.pdf,SUCCESS
2026-06-18 15:26:58,4_PDFsam_PVA-CMD-270-23-04-063 [D].pdf,PT_MULTI_MITRA_INDOTAMA_S.pdf,SUCCESS
2026-06-18 15:27:16,4_PDFsam_PVA-CMD-270-23-04-063 [E].pdf,PT_WANGIJAYA_KENCANA_NO_INVOICE.pdf,SUCCESS
2026-06-18 15:27:36,54_PDFsam_PVA-CMD-270-23-04-035 [A].pdf,PT_JAYA_KHARISMA_TUNGGAL_NO_INVOICE.pdf,SUCCESS
2026-06-18 15:28:00,5_PDFsam_PVA-CMD-270-23-04-011.pdf,CV_YORIM_NO_INVOICE.pdf,SUCCESS
2026-06-18 15:28:20,5_PDFsam_PVA-CMD-270-23-04-012.pdf,PT_TRANSINDO_PERKASA_PRIMA_DATE.pdf,SUCCESS
2026-06-18 15:28:38,5_PDFsam_PVA-CMD-270-23-04-014.pdf,PT_LINTAS_BAHARI_NUSANTARA_NO.pdf,SUCCESS
2026-06-18 15:28:58,5_PDFsam_PVA-CMD-270-23-04-018.pdf,UNKNOWN_COMPANY_NO_INVOICE.pdf,SUCCESS
2026-06-18 15:29:08,5_PDFsam_PVA-CMD-270-23-04-023.pdf,UNKNOWN_COMPANY_NO_INVOICE.pdf,SUCCESS
2026-06-18 15:29:30,5_PDFsam_PVA-CMD-270-23-04-027.pdf,UNKNOWN_COMPANY_NO.pdf,SUCCESS
2026-06-18 15:29:54,5_PDFsam_PVA-CMD-270-23-04-029.pdf,PT_CEMINDO_GEMILANG_TBK_FOR.pdf,SUCCESS
2026-06-18 15:30:12,5_PDFsam_PVA-CMD-270-23-04-030.pdf,UNKNOWN_COMPANY_NO.pdf,SUCCESS
2026-06-18 15:30:34,5_PDFsam_PVA-CMD-270-23-04-033.pdf,PT_CEMINDO_GEMILANG_TBK_NO_INVOICE.pdf,SUCCESS
2026-06-18 15:31:00,5_PDFsam_PVA-CMD-270-23-04-034.pdf,UNKNOWN_COMPANY_NO_INVOICE.pdf,SUCCESS
2026-06-18 15:31:17,5_PDFsam_PVA-CMD-270-23-04-035 [A].pdf,PT_JAYA_KHARISMA_TUNGGAL_NO_INVOICE.pdf,SUCCESS
2026-06-18 15:31:35,5_PDFsam_PVA-CMD-270-23-04-048.pdf,PT_LINTAS_BAHARI_NUSANTARA_NO.pdf,SUCCESS
2026-06-18 15:31:56,5_PDFsam_PVA-CMD-270-23-04-051.pdf,PT_ALAS_JAWADWIPA_NUSANTARA_NO_INVOICE.pdf,SUCCESS
2026-06-18 15:32:22,5_PDFsam_PVA-CMD-270-23-04-054.pdf,PT_MAXIMA_LINERS_INI.pdf,SUCCESS
2026-06-18 15:32:51,5_PDFsam_PVA-CMD-270-23-04-059.pdf,UNKNOWN_COMPANY_NO_INVOICE.pdf,SUCCESS
2026-06-18 15:33:13,5_PDFsam_PVA-CMD-270-23-04-060.pdf,UNKNOWN_COMPANY_02115_INV-BBPTIKSO_03_23.pdf,SUCCESS
2026-06-18 15:33:41,6_PDFsam_PVA-CMD-270-23-04-059.pdf,PT_CEMINDO_GEMILANG_TBK_NO_INVOICE.pdf,SUCCESS
2026-06-18 15:39:22,4_PDFsam_PVA-CMD-270-23-04-003.pdf,PT_ALUR_BIRU_MARITIM_NO.pdf,SUCCESS
2026-06-18 15:41:55,4_PDFsam_PVA-CMD-270-23-04-003.pdf,PT_ALUR_BIRU_MARITIM_C123-00026.pdf,SUCCESS
2026-06-18 15:43:22,4_PDFsam_PVA-CMD-270-23-04-007.pdf,PT_LUKI_THAMRIN_BERSAUDARA_InV_000z7_LTB_1_2023.pdf,SUCCESS
2026-06-18 15:45:20,11_PDFsam_PVA-CMD-270-23-04-017.pdf,PT_BLESSWNDO_PRIMA_SARANA_INVOICE.pdf,SUCCESS
2026-06-18 15:45:39,11_PDFsam_PVA-CMD-270-23-04-027.pdf,UNKNOWN_COMPANY_YP2207-0900.pdf,SUCCESS
2026-06-18 15:45:58,12_PDFsam_PVA-CMD-270-23-04-008.pdf,PT_CEMINDO_GEMILANG_TBK_INVOICE.pdf,SUCCESS
2026-06-18 15:46:18,12_PDFsam_PVA-CMD-270-23-04-018.pdf,UNKNOWN_COMPANY_NO_INVOICE.pdf,SUCCESS
2026-06-18 15:46:36,12_PDFsam_PVA-CMD-270-23-04-044.pdf,UNKNOWN_COMPANY_INVOICE.pdf,SUCCESS
2026-06-18 15:49:24,UNKNOWN_COMPANY_YP2207-0900.pdf,UNKNOWN_COMPANY_YP2207-0900.pdf,SUCCESS
2026-06-18 15:53:26,UNKNOWN_COMPANY_YP2207-0900.pdf,PT_YUAN_WIRA_PERDANA_YP2207-0900.pdf,SUCCESS
2026-06-18 15:54:38,UNKNOWN_COMPANY_INVOICE.pdf,UNKNOWN_COMPANY_INVOICE.pdf,SUCCESS
2026-06-18 15:59:47,UNKNOWN_COMPANY_INVOICE.pdf,PI_SATRA_PRIMA_NAGA_INVOICE.pdf,SUCCESS
2026-06-18 16:02:52,PI_SATRA_PRIMA_NAGA_INVOICE.pdf,PI_SATRA_PRIMA_NAGA_12_01_2023.pdf,SUCCESS
2026-06-18 16:13:29,PI_SATRA_PRIMA_NAGA_12_01_2023.pdf,PI_SATRA_PRIMA_NAGA_INVOICE.pdf,SUCCESS
2026-06-18 16:19:18,PI_SATRA_PRIMA_NAGA_INVOICE.pdf,PI_SATRA_PRIMA_NAGA_INVOICE.pdf,SUCCESS
2026-06-18 16:20:21,PI_SATRA_PRIMA_NAGA_INVOICE.pdf,PI_SATRA_PRIMA_NAGA_INVOICE.pdf,SUCCESS
2026-06-18 16:21:34,22_PDFsam_PVA-CMD-270-23-04-035 [A].pdf,PT_JAYA_KHARISMA_TUNGGAL_INVOICE.pdf,SUCCESS
2026-06-18 16:21:55,22_PDFsam_PVA-CMD-270-23-04-053.pdf,PT_TIRA_AUSTENITE_TBK_000-22.pdf,SUCCESS
2026-06-18 16:22:15,23_PDFsam_PVA-CMD-270-23-04-018.pdf,PT_KERTA_RAJASA_RAYA_NO_INVOICE.pdf,SUCCESS
2026-06-18 16:22:34,26_PDFsam_PVA-CMD-270-23-04-019.pdf,PT_GRAHA_MANUNGGA_INVIGMGNII2022.pdf,SUCCESS
2026-06-18 16:22:43,28_PDFsam_PVA-CMD-270-23-04-023.pdf,UNKNOWN_COMPANY_NO_INVOICE.pdf,SUCCESS
2026-06-18 16:23:15,28_PDFsam_PVA-CMD-270-23-04-058 [A].pdf,UNKNOWN_COMPANY_INVOICE.pdf,SUCCESS
2026-06-18 16:23:48,29_PDFsam_PVA-CMD-270-23-04-018.pdf,PT_CEMINDO_GEMILANG_TBK_NO_INVOICE.pdf,SUCCESS
2026-06-18 16:24:14,30_PDFsam_PVA-CMD-270-23-04-018.pdf,PT_CEMINDO_GEMILANG_TBK_NO_INVOICE.pdf,SUCCESS
2026-06-18 16:24:31,31_PDFsam_PVA-CMD-270-23-04-035 [A].pdf,PT_JAYA_KHARISMA_TUNGGAL_INVOICE.pdf,SUCCESS
2026-06-18 16:24:52,31_PDFsam_PVA-CMD-270-23-04-053.pdf,PT_TIRA_AUSTENITE_TBK_010000-22.pdf,SUCCESS
2026-06-18 16:25:12,36_PDFsam_PVA-CMD-270-23-04-018.pdf,PT_KERTA_RAJASA_RAYA_NO_INVOICE.pdf,SUCCESS
2026-06-18 16:25:32,37_PDFsam_PVA-CMD-270-23-04-018.pdf,PT_KERTA_RAJASA_RAYA_NO_INVOICE.pdf,SUCCESS
2026-06-18 16:25:49,37_PDFsam_PVA-CMD-270-23-04-019.pdf,PT_GRAHA_MANUNGGAL_GEMILANG_0207_INVIGMGNI2022.pdf,SUCCESS
2026-06-18 16:26:38,43_PDFsam_PVA-CMD-270-23-04-009.pdf,PT_KARYA_INVOICE.pdf,SUCCESS
2026-06-18 16:26:55,54_PDFsam_PVA-CMD-270-23-04-035 [A].pdf,PT_JAYA_KHARISMA_TUNGGAL_INVOICE.pdf,SUCCESS
